book_title,author,goodreads_url,reviews_count,avg_rating,shelves
book_235684270,,https://www.goodreads.com/book/show/235684270-only-for-him,,,
book_56553921,,https://www.goodreads.com/book/show/56553921-the-unselected-journals-of-emma-m-lion,,,
book_216594909,,https://www.goodreads.com/book/show/216594909-it-seemed-like-a-good-idea,,,
book_233809901,,https://www.goodreads.com/book/show/233809901-whisper-sweet-nothings,,,
book_220637398,,https://www.goodreads.com/book/show/220637398-gloves-off,,,
book_245576121,,https://www.goodreads.com/book/show/245576121-time-will-tell,,,
book_197363933,,https://www.goodreads.com/book/show/197363933-the-games-gods-play,,,
book_218405601,,https://www.goodreads.com/book/show/218405601-riftborne,,,
book_242575579,,https://www.goodreads.com/book/show/242575579-the-silversmith,,,
book_240693004,,https://www.goodreads.com/book/show/240693004-doppelb-nger,,,
book_235289966,,https://www.goodreads.com/book/show/235289966-royal-spin,,,
book_236608663,,https://www.goodreads.com/book/show/236608663-margin-of-error,,,
book_235699058,,https://www.goodreads.com/book/show/235699058-you-me-and-you-me-and-you-me,,,
book_231127275,,https://www.goodreads.com/book/show/231127275-the-halifax-hellions,,,
book_235992101,,https://www.goodreads.com/book/show/235992101-love-me-tomorrow,,,
book_234943248,,https://www.goodreads.com/book/show/234943248-the-heir-of-whitestone,,,
book_246544359,,https://www.goodreads.com/book/show/246544359-highland-hideaway,,,
book_232794581,,https://www.goodreads.com/book/show/232794581-the-end-of-romance,,,
book_235993096,,https://www.goodreads.com/book/show/235993096-if-only-you-knew,,,
book_241858336,,https://www.goodreads.com/book/show/241858336-take-my-kiss,,,
book_237696908,,https://www.goodreads.com/book/show/237696908-an-unconventional-lady,,,
book_233717173,,https://www.goodreads.com/book/show/233717173-to-the-death,,,
book_231474495,,https://www.goodreads.com/book/show/231474495-all-we-once-had,,,
book_234943640,,https://www.goodreads.com/book/show/234943640-limelight,,,
book_231363318,,https://www.goodreads.com/book/show/231363318-just-between-us,,,
book_236304737,,https://www.goodreads.com/book/show/236304737-mists-over-the-channel-islands,,,
book_236304677,,https://www.goodreads.com/book/show/236304677-taming-lady-temperance,,,
book_236304625,,https://www.goodreads.com/book/show/236304625-marrying-the-matchmaker,,,
book_236304645,,https://www.goodreads.com/book/show/236304645-deadly-currents,,,
book_228846700,,https://www.goodreads.com/book/show/228846700-love-from-the-cosmos,,,
book_235629766,,https://www.goodreads.com/book/show/235629766-the-boyfriend-launcher,,,
book_236064352,,https://www.goodreads.com/book/show/236064352-red-star-rebels,,,
book_215592943,,https://www.goodreads.com/book/show/215592943-reunions,,,
book_220329685,,https://www.goodreads.com/book/show/220329685-logan-rose,,,
book_239263911,,https://www.goodreads.com/book/show/239263911-live-love-lasso,,,
book_239420580,,https://www.goodreads.com/book/show/239420580-like-a-wildflower,,,
book_232477298,,https://www.goodreads.com/book/show/232477298-i-ve-got-a-crush-on-you,,,
book_243208944,,https://www.goodreads.com/book/show/243208944-a-novel-engagement,,,
book_239271213,,https://www.goodreads.com/book/show/239271213-obsidian-empire,,,
book_240561647,,https://www.goodreads.com/book/show/240561647-as-old-as-thyme,,,
book_244419365,,https://www.goodreads.com/book/show/244419365-aflame,,,
book_245041235,,https://www.goodreads.com/book/show/245041235-how-to-resist-your-boss,,,
book_228315636,,https://www.goodreads.com/book/show/228315636-the-spirit-of-love,,,
book_247112834,,https://www.goodreads.com/book/show/247112834-47-akatsuki-no-yona-47,,,
book_246246213,,https://www.goodreads.com/book/show/246246213-the-meet-and-greet,,,
book_245280402,,https://www.goodreads.com/book/show/245280402-oh-my-secret-wedding-valentine,,,
book_238714240,,https://www.goodreads.com/book/show/238714240-a-most-unsuitable-suitor,,,
book_239247301,,https://www.goodreads.com/book/show/239247301-the-cottage-at-the-edge-of-the-woods,,,
book_236864216,,https://www.goodreads.com/book/show/236864216-a-rancher-for-easter,,,
book_231127484,,https://www.goodreads.com/book/show/231127484-most-eligible,,,
book_231127266,,https://www.goodreads.com/book/show/231127266-the-odds-of-you,,,
book_231681790,,https://www.goodreads.com/book/show/231681790-the-elsewhere-express,,,
book_235724216,,https://www.goodreads.com/book/show/235724216-fruit-of-the-flesh,,,
book_232206235,,https://www.goodreads.com/book/show/232206235-sunk-in-love,,,
book_231363394,,https://www.goodreads.com/book/show/231363394-dandelion-is-dead,,,
book_243266087,,https://www.goodreads.com/book/show/243266087-the-moments-we-made-ours,,,
book_235992407,,https://www.goodreads.com/book/show/235992407-a-killer-kind-of-romance,,,
book_231108837,,https://www.goodreads.com/book/show/231108837-drive-me-crazy,,,
book_231127304,,https://www.goodreads.com/book/show/231127304-last-first-kiss,,,
book_231127199,,https://www.goodreads.com/book/show/231127199-cross-your-heart-and-hope-he-dies,,,
book_231388887,,https://www.goodreads.com/book/show/231388887-fundamentals-of-being-a-good-girl,,,
book_231363384,,https://www.goodreads.com/book/show/231363384-the-lust-crusade,,,
book_231681642,,https://www.goodreads.com/book/show/231681642-our-ex-s-wedding,,,
book_232737585,,https://www.goodreads.com/book/show/232737585-only-on-gameday,,,
book_231681643,,https://www.goodreads.com/book/show/231681643-anne-of-a-different-island,,,
book_228646326,,https://www.goodreads.com/book/show/228646326-dom-com,,,
book_235993050,,https://www.goodreads.com/book/show/235993050-see-you-at-the-summit,,,
book_231363392,,https://www.goodreads.com/book/show/231363392-for-our-next-song,,,
book_239677833,,https://www.goodreads.com/book/show/239677833-paper-hearts,,,
book_232884459,,https://www.goodreads.com/book/show/232884459-next-level-love,,,
book_244971540,,https://www.goodreads.com/book/show/244971540-the-other-side-of-goodbye,,,
book_210091293,,https://www.goodreads.com/book/show/210091293-we-ve-hit-turbulence,,,
book_239921874,,https://www.goodreads.com/book/show/239921874-mortal-remains,,,
book_231466533,,https://www.goodreads.com/book/show/231466533-their-campfire-romance,,,
book_245875791,,https://www.goodreads.com/book/show/245875791-zeke-de-los-santos-talks-about-his-feelings,,,
book_231126993,,https://www.goodreads.com/book/show/231126993-graceless-heart,,,
book_231387291,,https://www.goodreads.com/book/show/231387291-the-wolf-and-the-crown-of-blood,,,
book_203938054,,https://www.goodreads.com/book/show/203938054-rings-of-fate,,,
book_228393488,,https://www.goodreads.com/book/show/228393488-the-swan-s-daughter,,,
book_232207676,,https://www.goodreads.com/book/show/232207676-we-who-have-no-gods,,,
book_216812413,,https://www.goodreads.com/book/show/216812413-dragon-cursed,,,
book_231363111,,https://www.goodreads.com/book/show/231363111-the-book-of-blood-and-roses,,,
book_232884069,,https://www.goodreads.com/book/show/232884069-how-to-lose-a-goblin-in-ten-days,,,
book_244484487,,https://www.goodreads.com/book/show/244484487-king-of-ravens,,,
book_231126663,,https://www.goodreads.com/book/show/231126663-a-war-of-wyverns,,,
book_227884039,,https://www.goodreads.com/book/show/227884039-silver-blood,,,
book_239464762,,https://www.goodreads.com/book/show/239464762-jealous-rage,,,
book_228342262,,https://www.goodreads.com/book/show/228342262-a-barista-s-guide-to-love-larceny,,,
book_231363365,,https://www.goodreads.com/book/show/231363365-the-younger-gods,,,
book_236064347,,https://www.goodreads.com/book/show/236064347-tidespeaker,,,
book_247234259,,https://www.goodreads.com/book/show/247234259-darkest-destiny,,,
book_231126923,,https://www.goodreads.com/book/show/231126923-enchanting-the-fae-queen,,,
book_228342391,,https://www.goodreads.com/book/show/228342391-if-all-the-stars-go-dark,,,
book_231580181,,https://www.goodreads.com/book/show/231580181-into-the-midnight-wood,,,
book_228539437,,https://www.goodreads.com/book/show/228539437-sparking-fire-out-of-fate,,,
book_231681144,,https://www.goodreads.com/book/show/231681144-a-wild-radiance,,,
book_242678400,,https://www.goodreads.com/book/show/242678400-until-i-die,,,
book_214340627,,https://www.goodreads.com/book/show/214340627-king-of-beasts,,,
book_238770996,,https://www.goodreads.com/book/show/238770996-when-fate-is-cruel,,,
book_230082304,,https://www.goodreads.com/book/show/230082304-a-heart-so-green,,,
book_241869454,,https://www.goodreads.com/book/show/241869454-bound-by-the-sky,,,
book_228845026,,https://www.goodreads.com/book/show/228845026-wicked-thieves,,,
book_63929975,,https://www.goodreads.com/book/show/63929975-a-crown-of-stars-and-shadows,,,
book_221267821,,https://www.goodreads.com/book/show/221267821-royals-of-darkness,,,
book_244322526,,https://www.goodreads.com/book/show/244322526-starlight-and-shadows,,,
book_246805393,,https://www.goodreads.com/book/show/246805393-the-flame-and-the-dragon,,,
book_246003802,,https://www.goodreads.com/book/show/246003802-faking-cinderella,,,
book_228691222,,https://www.goodreads.com/book/show/228691222-remain,,,
book_222946916,,https://www.goodreads.com/book/show/222946916-for-whom-the-belle-tolls,,,
book_216602917,,https://www.goodreads.com/book/show/216602917-a-curse-carved-in-bone,,,
book_209456110,,https://www.goodreads.com/book/show/209456110-tale-of-the-heart-queen,,,
Forbidden Summit (2023 Edition),Kirk J Pocan,https://www.goodreads.com/book/show/200107731-forbidden-summit,,,
book_232794931,,https://www.goodreads.com/book/show/232794931-the-wild-card,,,
book_231127059,,https://www.goodreads.com/book/show/231127059-finlay-donovan-crosses-the-line,,,
book_237390793,,https://www.goodreads.com/book/show/237390793-catch-her-if-you-can,,,
book_236824878,,https://www.goodreads.com/book/show/236824878-first-witches-club,,,
book_133286777,,https://www.goodreads.com/book/show/133286777-the-familiar,,,
book_209269569,,https://www.goodreads.com/book/show/209269569-tempest-of-wrath-and-vengeance,,,
book_217388100,,https://www.goodreads.com/book/show/217388100-the-enchanted-greenhouse,,,
book_245570446,,https://www.goodreads.com/book/show/245570446-the-terms-of-us,,,
book_246648766,,https://www.goodreads.com/book/show/246648766-on-thin-ice,,,
book_59041700,,https://www.goodreads.com/book/show/59041700-the-unselected-journals-of-emma-m-lion,,,
book_250565000,,https://www.goodreads.com/book/show/250565000-claimed-omega,,,
book_49259788,,https://www.goodreads.com/book/show/49259788-the-summer-of-broken-rules,,,
book_61771675,,https://www.goodreads.com/book/show/61771675-hello-beautiful,,,
book_246637401,,https://www.goodreads.com/book/show/246637401-magical-midlife-rogue,,,
book_61085925,,https://www.goodreads.com/book/show/61085925-these-infinite-threads,,,
book_209753199,,https://www.goodreads.com/book/show/209753199-the-irresistible-urge-to-fall-for-your-enemy,,,
book_222472678,,https://www.goodreads.com/book/show/222472678-hollow,,,
book_141270038,,https://www.goodreads.com/book/show/141270038-someone-to-daydream-about,,,
book_241022421,,https://www.goodreads.com/book/show/241022421-shadowborne,,,
Deep End,Ali Hazelwood,https://www.goodreads.com/book/show/212808709-deep-end,,,
"If the Ring Fits (Funny Feelings, #2)",Camilla Isley,https://www.goodreads.com/book/show/218426995-if-the-ring-fits,,,
"A Match Made in Coven (Paranormal Romance, #2)",Camilla Isley,https://www.goodreads.com/book/show/219471116-a-match-made-in-coven,,,
The Roommate Experiment (Funny Feelings #3),Camilla Isley,https://www.goodreads.com/book/show/223606076-the-roommate-experiment,,,
Into The Deep Blue,Jennifer E. Archer,https://www.goodreads.com/book/show/205514910-into-the-deep-blue,,,
Nostalgia,Iris Lake,https://www.goodreads.com/book/show/242337466-nostalgia,,,
"Say You'll Remember Me (Say You'll Remember Me, #1)",Abby Jimenez,https://www.goodreads.com/book/show/216437557-say-you-ll-remember-me,,,
"Onyx Storm (The Empyrean, #3)",Rebecca Yarros,https://www.goodreads.com/book/show/209439446-onyx-storm,,,
"Wild and Wrangled (Rebel Blue Ranch, #4)",Lyla Sage,https://www.goodreads.com/book/show/213650748-wild-and-wrangled,,,
"The Vampire Castle in the Sky (Tales from the Faraway North, #2)",Iris Lake,https://www.goodreads.com/book/show/230464782-the-vampire-castle-in-the-sky,,,
"First-Time Caller (Heartstrings, #1)",B.K. Borison,https://www.goodreads.com/book/show/213245287-first-time-caller,,,
"Beg, Borrow, or Steal (When in Rome, #3)",Sarah       Adams,https://www.goodreads.com/book/show/211164792-beg-borrow-or-steal,,,
Swept Away,Beth O'Leary,https://www.goodreads.com/book/show/205033735-swept-away,,,
"Scythe & Sparrow (The Ruinous Love Trilogy, #3)",Brynne Weaver,https://www.goodreads.com/book/show/127616032-scythe-sparrow,,,
"You Rock My World (The Meet Cute, #1)",Camilla Isley,https://www.goodreads.com/book/show/234037559-you-rock-my-world,,,
"The Primal of Blood and Bone (Blood and Ash, #6)",Jennifer L. Armentrout,https://www.goodreads.com/book/show/58483123-the-primal-of-blood-and-bone,,,
Let's Call a Truce,Amy Buchanan,https://www.goodreads.com/book/show/211004830-let-s-call-a-truce,,,
"Spiral (Off the Ice, #2)",Bal Khabra,https://www.goodreads.com/book/show/199246937-spiral,,,
"The Geographer's Map to Romance (Love's Academic, #2)",India Holton,https://www.goodreads.com/book/show/199279084-the-geographer-s-map-to-romance,,,
For the Record,Emma Lord,https://www.goodreads.com/book/show/217387723-for-the-record,,,
"Out of the Woods (Out, #2)",Hannah Bonam-Young,https://www.goodreads.com/book/show/209220944-out-of-the-woods,,,
Any Trope but You,Victoria Lavine,https://www.goodreads.com/book/show/214151426-any-trope-but-you,,,
"Pitcher Perfect (Big Shots, #4)",Tessa Bailey,https://www.goodreads.com/book/show/222658358-pitcher-perfect,,,
"Once Smitten, Twice Shy (The Wilmot Sisters, #3)",Chloe Liese,https://www.goodreads.com/book/show/212294418-once-smitten-twice-shy,,,
"Earl Crush (Belvoir's Library, #2)",Alexandra Vasti,https://www.goodreads.com/book/show/211003729-earl-crush,,,
"The Ornithologist's Field Guide to Love (Love's Academic, #1)",India Holton,https://www.goodreads.com/book/show/200555182-the-ornithologist-s-field-guide-to-love,,,
"Left of Forever (Spunes, OR, #2)",Tarah DeWitt,https://www.goodreads.com/book/show/217388096-left-of-forever,,,
"The Gingerbread Bakery (Dream Harbor, #5)",Laurie Gilmore,https://www.goodreads.com/book/show/220255008-the-gingerbread-bakery,,,
Work Trip,Chloe   Ford,https://www.goodreads.com/book/show/218581962-work-trip,,,
Aged to Perfection,Niloufar Lamakan,https://www.goodreads.com/book/show/220265969-aged-to-perfection,,,
"Archangel's Ascension (Guild Hunter, #17)",Nalini Singh,https://www.goodreads.com/book/show/217245649-archangel-s-ascension,,,
"Road Trip with a Rogue (Her Majesty’s Rebels, #3)",Kate Bateman,https://www.goodreads.com/book/show/217436368-road-trip-with-a-rogue,,,
Just Our Luck,Denise  Williams,https://www.goodreads.com/book/show/215361843-just-our-luck,,,
"Outlier (Daydreamer, #3)",Susie Tate,https://www.goodreads.com/book/show/219990562-outlier,,,
Book Boyfriend,Emily Wibberley,https://www.goodreads.com/book/show/213870115-book-boyfriend,,,
Beautiful Venom (Vipers #1),Rina Kent,https://www.goodreads.com/book/show/214303307-beautiful-venom,,,
Flirty Dancing,Jennifer Moffatt,https://www.goodreads.com/book/show/217387609-flirty-dancing,,,
Fake It Like You Mean It,Megan  Murphy,https://www.goodreads.com/book/show/214988485-fake-it-like-you-mean-it,,,
"Well, Actually",Mazey Eddings,https://www.goodreads.com/book/show/213831130-well-actually,,,
"Problematic Summer Romance (Not in Love, #2)",Ali Hazelwood,https://www.goodreads.com/book/show/228691356-problematic-summer-romance,,,
"Temple of Swoon (Raiders of the Lost Heart, #2)",Jo Segura,https://www.goodreads.com/book/show/211025397-temple-of-swoon,,,
The Friendship Fling,Georgia  Stone,https://www.goodreads.com/book/show/214229571-the-friendship-fling,,,
The Last Heir,Marina Vinni,https://www.goodreads.com/book/show/231518705-the-last-heir,,,
Changing Tides (Cape May #1),Linny Mack,https://www.goodreads.com/book/show/221451242-changing-tides,,,
A Kiss of Hammer and Flame (Fated for Hael #1),Amy de la Force,https://www.goodreads.com/book/show/222460467-a-kiss-of-hammer-and-flame,,,
Chasing Stars (Cape May #2),Linny Mack,https://www.goodreads.com/book/show/221472889-chasing-stars,,,
The Summer You Were Mine,Jill  Francis,https://www.goodreads.com/book/show/217387718-the-summer-you-were-mine,,,
A Lady Would Know Better,Emma Theriault,https://www.goodreads.com/book/show/206299213-a-lady-would-know-better,,,
Slipstream,Madge Maril,https://www.goodreads.com/book/show/221757386-slipstream,,,
Always Be My Bibi,Priyanka Taslim,https://www.goodreads.com/book/show/220160100-always-be-my-bibi,,,
The Deadbeat DILF: A steamy age-gap contemporary romance (City Loves Book 2),Celine Spiller,https://www.goodreads.com/book/show/221864930-the-deadbeat-dilf,,,
A Cage of Choices,Marina Vinni,https://www.goodreads.com/book/show/223977258-a-cage-of-choices,,,
The Summers Between Us,Noreen Nanja,https://www.goodreads.com/book/show/216420350-the-summers-between-us,,,
"The Best Wrong Move (Off-Limits, #1)",Lily   Parker,https://www.goodreads.com/book/show/222248702-the-best-wrong-move,,,
Major Love (Phoenix Falls Series Book 4),Sapphire Hale,https://www.goodreads.com/book/show/225009644-major-love,,,
"Gabriela and His Grace (The Luna Sisters, #3)",Liana De la Rosa,https://www.goodreads.com/book/show/221997443-gabriela-and-his-grace,,,
This Kind of Love,Ashley Detweiler,https://www.goodreads.com/book/show/214674806-this-kind-of-love,,,
"What Fury Brings (Wrath and Fury, #1)",Tricia Levenseller,https://www.goodreads.com/book/show/220908944-what-fury-brings,,,
"Nine Month Contract (Mountain Men Matchmaker, #1)",Amy Daws,https://www.goodreads.com/book/show/219655872-nine-month-contract,,,
The Ripple Effect,Maggie  North,https://www.goodreads.com/book/show/217387864-the-ripple-effect,,,
"Barons of Decay (Royals of Forsyth University, #10)",Angel Lawson,https://www.goodreads.com/book/show/216040006-barons-of-decay,,,
How to Write a Rom-Com,Cristina  Wolf,https://www.goodreads.com/book/show/221006690-how-to-write-a-rom-com,,,
You Between the Lines,Katie Naymon,https://www.goodreads.com/book/show/214175139-you-between-the-lines,,,
"A Flame of the Phoenix (An Heir Comes to Rise, #6)",Chloe C. Peñaranda,https://www.goodreads.com/book/show/123404739-a-flame-of-the-phoenix,,,
"Blood Beneath the Snow (Blood & Souls Duology, #1)",Alexandra Kennington,https://www.goodreads.com/book/show/214537684-blood-beneath-the-snow,,,
Where There's Room For Us,Hayley Kiyoko,https://www.goodreads.com/book/show/217421247-where-there-s-room-for-us,,,
An Ex-citing Proposition (Date My Ex #1),Kelly Ohlert,https://www.goodreads.com/book/show/218414214-an-ex-citing-proposition,,,
Come As You Are,Dahlia Adler,https://www.goodreads.com/book/show/60729369-come-as-you-are,,,
Kilted Lovers,Megan Clawson,https://www.goodreads.com/book/show/218164853-kilted-lovers,,,
A Game of Fallen Stars,S.E. Berkeley,https://www.goodreads.com/book/show/216331248-a-game-of-fallen-stars,,,
"With Love, Juniper",Amanda Cessor,https://www.goodreads.com/book/show/222863061-with-love-juniper,,,
"Down to a Science (Love in Edinburgh, #2)",Kat Paige,https://www.goodreads.com/book/show/220861141-down-to-a-science,,,
Brewed with Love,Shelly   Page,https://www.goodreads.com/book/show/213197641-brewed-with-love,,,
"Love Letters from Fictional Men: Love Letters from Fictional Paramours, Book 1",Anita Zara,https://www.goodreads.com/book/show/223041598-love-letters-from-fictional-men,,,
On the Slopes of Tahoe (Love Along the Way #2),J.A.  Forde,https://www.goodreads.com/book/show/221882100-on-the-slopes-of-tahoe,,,
I Got Abducted by Aliens So I'm Gonna Make It Everyone's Problem,Kimberly Lemming,https://www.goodreads.com/book/show/204009634-i-got-abducted-by-aliens-so-i-m-gonna-make-it-everyone-s-problem,,,
"I Summon the Sea (The Thorn and the Shadow, #1)",Mona Archer,https://www.goodreads.com/book/show/223716013-i-summon-the-sea,,,
"Second Position (Astor Hill, #2)",Sydney Madison,https://www.goodreads.com/book/show/227859920-second-position,,,
"Hunted Through Italy (Harlequin Romantic Suspense, 2330)",Delaney Diamond,https://www.goodreads.com/book/show/217898078-hunted-through-italy,,,
"Bedroom Lessons (Love Letters, #2)",Milana Spencer,https://www.goodreads.com/book/show/231091982-bedroom-lessons,,,
Playing With My Heart Strings,H.K. Green,https://www.goodreads.com/book/show/230938402-playing-with-my-heart-strings,,,
The Summers Between Us,Noreen Nanja,https://www.goodreads.com/book/show/222225266-the-summers-between-us,,,
The Dramatic Life of Jonah Penrose,Robyn  Green,https://www.goodreads.com/book/show/227884038-the-dramatic-life-of-jonah-penrose,,,
The Weight of Prejudice,Joy Michelle Austin,https://www.goodreads.com/book/show/232919054-the-weight-of-prejudice,,,
Nine-Tenths,J.M. Frey,https://www.goodreads.com/book/show/233260830-nine-tenths,,,
Playing Flirty,Shameez Patel,https://www.goodreads.com/book/show/212924579-playing-flirty,,,
First Class Fling: Santiago & Rosa,Kaylene Winter,https://www.goodreads.com/book/show/239730022-first-class-fling,,,
Virtues' Sacrifice: ACT I - Elysium (The Archive Book 1),Christopher Gamlin,https://www.goodreads.com/book/show/240552074-virtues-sacrifice,,,
"Redemption (The Alterran Legacy, #4)",Regina M. Joseph,https://www.goodreads.com/book/show/60197387-redemption,,,
The Vampire Who Tried It,Marcia  Black,https://www.goodreads.com/book/show/241989717-the-vampire-who-tried-it,,,
A Bullet and A Butterfly: Captive Obsessions series - Book 1,Lina C. Eleste,https://www.goodreads.com/book/show/235682137-a-bullet-and-a-butterfly,,,
"Rekindled Flame (Burning Hearts, #1)",Ella Braeme,https://www.goodreads.com/book/show/236532005-rekindled-flame,,,
132 Kisses (Where Hearts Collide Series Book 1),Candice Storm,https://www.goodreads.com/book/show/244300861-132-kisses,,,
Nightshade,Lynessa Layne,https://www.goodreads.com/book/show/242179336-nightshade,,,
"Fate's Thread (Gods and Legends, #2)",Elizabeth Douka,https://www.goodreads.com/book/show/244208437-fate-s-thread,,,
The Last Word (The Literary Hearts #1),Rumi Ashwood,https://www.goodreads.com/book/show/242242609-the-last-word,,,
Until Our Voices Meet,Biswatosh Sinha,https://www.goodreads.com/book/show/242952746-until-our-voices-meet,,,
Whispers of the Dragon,Sarah Brianne,https://www.goodreads.com/book/show/204666761-whispers-of-the-dragon,,,
"A Vow in Vengeance (Immortal Desires, #1)",Jaclyn  Rodriguez,https://www.goodreads.com/book/show/230614708-a-vow-in-vengeance,,,
If We Were a Movie,Zakiya N. Jamal,https://www.goodreads.com/book/show/198971130-if-we-were-a-movie,,,
I Love You S'more,Auriane Desombre,https://www.goodreads.com/book/show/216247557-i-love-you-s-more,,,
Undercover Desires: A Venusian Romance,Aurora Vespar,https://www.goodreads.com/book/show/223503702-undercover-desires,,,
"Seven Year Itch (Mountain Men Matchmaker, #2)",Amy Daws,https://www.goodreads.com/book/show/220140311-seven-year-itch,,,
The Chemistry Test,Georgina Frankie,https://www.goodreads.com/book/show/227982221-the-chemistry-test,,,
Crash Landing,Annie McQuaid,https://www.goodreads.com/book/show/216269037-crash-landing,,,
"My Inconvenient Duke (Difficult Dukes, #3)",Loretta Chase,https://www.goodreads.com/book/show/199792638-my-inconvenient-duke,,,
"Storm in a Teacup (Love in Edinburgh, #3)",Kat Paige,https://www.goodreads.com/book/show/232924067-storm-in-a-teacup,,,
"Half Agony, Half Hope: A Christian Romantic Suspense About Rescue, Redemption, and Unbreakable Love (Jane Austen's Men Book 1)",Joy Michelle Austin,https://www.goodreads.com/book/show/228901730-half-agony-half-hope,,,
Hushed Harmony (Charming Irish #5),Kaylene Winter,https://www.goodreads.com/book/show/227970167-hushed-harmony,,,
Virtues' Sacrifice: ACT II - Atlantis (The Archive Book 2),Christopher Gamlin,https://www.goodreads.com/book/show/242083590-virtues-sacrifice,,,
A Wolf and A Butterfly (Paranormal Obsessions Book 1),Lina C. Eleste,https://www.goodreads.com/book/show/233345997-a-wolf-and-a-butterfly,,,
Branded Hearts (Carter Ridge #3),Sapphire Hale,https://www.goodreads.com/book/show/243844160-branded-hearts,,,
Shadow & Sin: A Nightshade Novel,Lynessa Layne,https://www.goodreads.com/book/show/245007488-shadow-sin,,,
"Under the Aegis (Gods and Legends, #1)",Elizabeth Douka,https://www.goodreads.com/book/show/241918870-under-the-aegis,,,
"A Theory of Dreaming (A Study in Drowning, #2)",Ava Reid,https://www.goodreads.com/book/show/213691721-a-theory-of-dreaming,,,
The Breath Between Us,Bianca Miller,https://www.goodreads.com/book/show/223261893-the-breath-between-us,,,
One Golden Summer,Carley Fortune,https://www.goodreads.com/book/show/217245639-one-golden-summer,,,
Forever Flames (Charming Irish #4),Kaylene Winter,https://www.goodreads.com/book/show/220480492-forever-flames,,,
On the Ferry to Skye,J.A.  Forde,https://www.goodreads.com/book/show/240717788-on-the-ferry-to-skye,,,
A Bee and A Shadow: Paranormal obsessions - book 2,Lina C. Eleste,https://www.goodreads.com/book/show/240508727-a-bee-and-a-shadow,,,
"His Juliet (Empire of Royals, #2)",Emilia  Rossi,https://www.goodreads.com/book/show/217976073-his-juliet,,,
Where Shadows Bloom,Catherine Bakewell,https://www.goodreads.com/book/show/213344066-where-shadows-bloom,,,
Diving In,Bianca Miller,https://www.goodreads.com/book/show/208478858-diving-in,,,
"Dream Girl Drama (Big Shots, #3)",Tessa Bailey,https://www.goodreads.com/book/show/214283601-dream-girl-drama,,,
Boarding Pass: Miles & Sophie,Kaylene Winter,https://www.goodreads.com/book/show/239597440-boarding-pass,,,
"Daring the Defender (Wittmore U Hockey, #3)",Angel Lawson,https://www.goodreads.com/book/show/213069720-daring-the-defender,,,
"Dream On, Ramona Riley (Clover Lake, #1)",Ashley Herring Blake,https://www.goodreads.com/book/show/217453509-dream-on-ramona-riley,,,
Give Me a Reason,Jayci Lee,https://www.goodreads.com/book/show/217387720-give-me-a-reason,,,
Sweet Venom (Vipers #2),Rina Kent,https://www.goodreads.com/book/show/234319647-sweet-venom,,,
The Odds of Getting Even,Amanda Sellet,https://www.goodreads.com/book/show/217388169-the-odds-of-getting-even,,,
"Changing Tides (Cape May, #1)",Linny Mack,https://www.goodreads.com/book/show/221399275-changing-tides,,,
It's a Love Story,Annabel Monaghan,https://www.goodreads.com/book/show/218153839-it-s-a-love-story,,,
Swept Away,Beth O'Leary,https://www.goodreads.com/book/show/215805795-swept-away,,,
"Look Before You Leap (Miss Prentice's Protegees, #2)",Virginia Heath,https://www.goodreads.com/book/show/217387682-look-before-you-leap,,,
Bad Publicity,Bianca Gillam,https://www.goodreads.com/book/show/217927382-bad-publicity,,,
The Secret Romantic's Book of Magic,Marie O'Regan,https://www.goodreads.com/book/show/216597270-the-secret-romantic-s-book-of-magic,,,
Burn (Blood Brothers #1),Heather Long,https://www.goodreads.com/book/show/204641099-burn,,,
The Friendship Fling,Georgia  Stone,https://www.goodreads.com/book/show/218680615-the-friendship-fling,,,
"Hardly a Gentleman (Accidental Brides, #2)",Eloisa James,https://www.goodreads.com/book/show/216950599-hardly-a-gentleman,,,
House Party,Chloe   Ford,https://www.goodreads.com/book/show/226136306-house-party,,,
"The Undercutting of Rosie and Adam (Hart and Mercy, #3)",Megan Bannen,https://www.goodreads.com/book/show/215547926-the-undercutting-of-rosie-and-adam,,,
The Launch Date,Annabelle Slator,https://www.goodreads.com/book/show/213344054-the-launch-date,,,
Ready to Score,Jodie Slaughter,https://www.goodreads.com/book/show/217388129-ready-to-score,,,
Bound,Ali Hazelwood,https://www.goodreads.com/book/show/242109300-bound,,,
The Heartbreak Hotel,Ellen O'Clover,https://www.goodreads.com/book/show/241122457-the-heartbreak-hotel,,,
Tell Me How You Really Feel,Betty Cayouette,https://www.goodreads.com/book/show/213260447-tell-me-how-you-really-feel,,,
Isn't It Obvious?,Rachel Runya Katz,https://www.goodreads.com/book/show/222361669-isn-t-it-obvious,,,
My Roommate from Hell,Cale Dietrich,https://www.goodreads.com/book/show/222361626-my-roommate-from-hell,,,
Our Infinite Fates,Laura   Steven,https://www.goodreads.com/book/show/210395729-our-infinite-fates,,,
We Met Like This,Kasie West,https://www.goodreads.com/book/show/222376740-we-met-like-this,,,
Never Over,Clare Gilmore,https://www.goodreads.com/book/show/222361618-never-over,,,
Game On,Ki Stephens,https://www.goodreads.com/book/show/222376763-game-on,,,
Overdue,Stephanie Perkins,https://www.goodreads.com/book/show/222376487-overdue,,,
The Best Mess,Hannah Loraine,https://www.goodreads.com/book/show/112830122-the-best-mess,,,
A Mannequin for Christmas,Timothy Janovsky,https://www.goodreads.com/book/show/222376953-a-mannequin-for-christmas,,,
To Haunt and To Hold,True Sloan,https://www.goodreads.com/book/show/141311971-to-haunt-and-to-hold,,,
Never Over,Clare Gilmore,https://www.goodreads.com/book/show/222376762-never-over,,,
Flirting with Disaster,Naina Kumar,https://www.goodreads.com/book/show/211399750-flirting-with-disaster,,,
The Love Simulation,Etta Easton,https://www.goodreads.com/book/show/214268995-the-love-simulation,,,
book_235992312,,https://www.goodreads.com/book/show/235992312-honey-bee-mine,,,
book_247778820,,https://www.goodreads.com/book/show/247778820-sticks-stones,,,
book_246626122,,https://www.goodreads.com/book/show/246626122-niszczycielka,,,
book_231126977,,https://www.goodreads.com/book/show/231126977-lady-tremaine,,,
book_235992260,,https://www.goodreads.com/book/show/235992260-unbound,,,
book_238448115,,https://www.goodreads.com/book/show/238448115-comer-s-flores,,,
book_234463443,,https://www.goodreads.com/book/show/234463443-more-than-friends,,,
book_239434332,,https://www.goodreads.com/book/show/239434332-chasing-the-fire,,,
book_61198133,,https://www.goodreads.com/book/show/61198133-the-stolen-heir,,,
book_56554281,,https://www.goodreads.com/book/show/56554281-this-woven-kingdom,,,
book_60581370,,https://www.goodreads.com/book/show/60581370-the-jasad-heir,,,
book_236900512,,https://www.goodreads.com/book/show/236900512-the-dark-lord-s-guide-to-dating-and-other-war-crimes,,,
book_228725059,,https://www.goodreads.com/book/show/228725059-someone-to-daydream-about,,,
book_250200944,,https://www.goodreads.com/book/show/250200944-knight-s-storm,,,
book_232735551,,https://www.goodreads.com/book/show/232735551-risky-business,,,
book_240998685,,https://www.goodreads.com/book/show/240998685-where-no-shadow-stays,,,
book_236741139,,https://www.goodreads.com/book/show/236741139-direbound,,,
book_220817728,,https://www.goodreads.com/book/show/220817728-atmosphere,,,
book_228110489,,https://www.goodreads.com/book/show/228110489-heart-the-lover,,,
book_58341222,,https://www.goodreads.com/book/show/58341222-reminders-of-him,,,
book_55076069,,https://www.goodreads.com/book/show/55076069-people-we-meet-on-vacation,,,
book_231126887,,https://www.goodreads.com/book/show/231126887-this-story-might-save-your-life,,,
book_56732449,,https://www.goodreads.com/book/show/56732449-the-love-hypothesis,,,
book_230926478,,https://www.goodreads.com/book/show/230926478-in-her-own-league,,,
book_218559595,,https://www.goodreads.com/book/show/218559595-great-big-beautiful-life,,,
book_194802722,,https://www.goodreads.com/book/show/194802722-funny-story,,,
book_240424526,,https://www.goodreads.com/book/show/240424526-half-his-age,,,
book_60393672,,https://www.goodreads.com/book/show/60393672-it-starts-with-us,,,
book_58684524,,https://www.goodreads.com/book/show/58684524-part-of-your-world,,,
book_55710822,,https://www.goodreads.com/book/show/55710822-better-than-the-movies,,,
book_61918816,,https://www.goodreads.com/book/show/61918816-yours-truly,,,
book_195820807,,https://www.goodreads.com/book/show/195820807-just-for-the-summer,,,
book_242528917,,https://www.goodreads.com/book/show/242528917-lessons-in-chemistry,,,
book_61718053,,https://www.goodreads.com/book/show/61718053-happy-place,,,
book_241458703,,https://www.goodreads.com/book/show/241458703-woman-down,,,
book_231474494,,https://www.goodreads.com/book/show/231474494-love-song,,,
book_146943389,,https://www.goodreads.com/book/show/146943389-saving-6,,,
book_232794526,,https://www.goodreads.com/book/show/232794526-this-book-made-me-think-of-you,,,
book_237362962,,https://www.goodreads.com/book/show/237362962-ryder,,,
book_146943908,,https://www.goodreads.com/book/show/146943908-redeeming-6,,,
book_62926938,,https://www.goodreads.com/book/show/62926938-the-seven-year-slip,,,
book_242765313,,https://www.goodreads.com/book/show/242765313-into-the-blue,,,
book_227081378,,https://www.goodreads.com/book/show/227081378-mistakes-were-made,,,
book_196219692,,https://www.goodreads.com/book/show/196219692-taming-7,,,
book_223688905,,https://www.goodreads.com/book/show/223688905-twice,,,
book_58724801,,https://www.goodreads.com/book/show/58724801-the-bodyguard,,,
book_223262140,,https://www.goodreads.com/book/show/223262140-fake-skating,,,
book_231687688,,https://www.goodreads.com/book/show/231687688-his-empress,,,
book_248063445,,https://www.goodreads.com/book/show/248063445-everybody-s-favorite-guy,,,
book_50531218,,https://www.goodreads.com/book/show/50531218-the-hawthorne-legacy,,,
book_218460347,,https://www.goodreads.com/book/show/218460347-the-road-to-tender-hearts,,,
book_229717312,,https://www.goodreads.com/book/show/229717312-releasing-10,,,
book_223541023,,https://www.goodreads.com/book/show/223541023-the-academy,,,
book_211399784,,https://www.goodreads.com/book/show/211399784-the-favorites,,,
book_127152907,,https://www.goodreads.com/book/show/127152907-in-the-likely-event,,,
book_239149143,,https://www.goodreads.com/book/show/239149143-law-maker,,,
book_58658940,,https://www.goodreads.com/book/show/58658940-the-final-gambit,,,
book_240321984,,https://www.goodreads.com/book/show/240321984-how-not-to-fall-in-love,,,
book_63027990,,https://www.goodreads.com/book/show/63027990-the-unselected-journals-of-emma-m-lion,,,
book_214037675,,https://www.goodreads.com/book/show/214037675-wyatt,,,
book_216233719,,https://www.goodreads.com/book/show/216233719-story-of-my-life,,,
book_60435878,,https://www.goodreads.com/book/show/60435878-carrie-soto-is-back,,,
book_239051491,,https://www.goodreads.com/book/show/239051491-american-fantasy,,,
book_235991978,,https://www.goodreads.com/book/show/235991978-just-friends,,,
book_208931300,,https://www.goodreads.com/book/show/208931300-intermezzo,,,
book_60683957,,https://www.goodreads.com/book/show/60683957-check-mate,,,
book_199798201,,https://www.goodreads.com/book/show/199798201-the-safekeep,,,
book_60197314,,https://www.goodreads.com/book/show/60197314-betting-on-you,,,
book_62873996,,https://www.goodreads.com/book/show/62873996-the-five-star-weekend,,,
book_245576147,,https://www.goodreads.com/book/show/245576147-accidentally-yours,,,
book_65137920,,https://www.goodreads.com/book/show/65137920-the-lost-bookshop,,,
book_239152335,,https://www.goodreads.com/book/show/239152335-go-gentle,,,
book_213186396,,https://www.goodreads.com/book/show/213186396-the-strawberry-patch-pancake-house,,,
book_232885690,,https://www.goodreads.com/book/show/232885690-the-heir-apparent,,,
book_61797464,,https://www.goodreads.com/book/show/61797464-meet-me-at-the-lake,,,
book_235735088,,https://www.goodreads.com/book/show/235735088-across-the-vanishing-sky,,,
book_235992265,,https://www.goodreads.com/book/show/235992265-once-and-again,,,
book_185965151,,https://www.goodreads.com/book/show/185965151-the-unselected-journals-of-emma-m-lion,,,
book_222021267,,https://www.goodreads.com/book/show/222021267-mrs-endicott-s-splendid-adventure,,,
book_235672456,,https://www.goodreads.com/book/show/235672456-lake-effect,,,
book_245482960,,https://www.goodreads.com/book/show/245482960-the-hotshot,,,
book_208679791,,https://www.goodreads.com/book/show/208679791-captivation-creek,,,
book_241058997,,https://www.goodreads.com/book/show/241058997-rites-of-the-starling,,,
book_217171544,,https://www.goodreads.com/book/show/217171544-shield-of-sparrows,,,
book_75513900,,https://www.goodreads.com/book/show/75513900-powerless,,,
book_183086339,,https://www.goodreads.com/book/show/183086339-reckless,,,
book_196920718,,https://www.goodreads.com/book/show/196920718-the-wolf-king,,,
book_234292648,,https://www.goodreads.com/book/show/234292648-dire-bound,,,
book_222490389,,https://www.goodreads.com/book/show/222490389-alchemised,,,
book_55987278,,https://www.goodreads.com/book/show/55987278-once-upon-a-broken-heart,,,
book_214151222,,https://www.goodreads.com/book/show/214151222-fearless,,,
book_212843478,,https://www.goodreads.com/book/show/212843478-to-shatter-the-night,,,
book_223259676,,https://www.goodreads.com/book/show/223259676-the-night-prince,,,
book_59808071,,https://www.goodreads.com/book/show/59808071-the-ballad-of-never-after,,,
book_58340706,,https://www.goodreads.com/book/show/58340706-one-dark-window,,,
book_63910262,,https://www.goodreads.com/book/show/63910262-two-twisted-crowns,,,
book_62816044,,https://www.goodreads.com/book/show/62816044-a-curse-for-true-love,,,
book_237100532,,https://www.goodreads.com/book/show/237100532-release-me,,,
book_247928235,,https://www.goodreads.com/book/show/247928235-daggermouth,,,
book_60310757,,https://www.goodreads.com/book/show/60310757-lightlark,,,
book_203840597,,https://www.goodreads.com/book/show/203840597-powerful,,,
book_124935969,,https://www.goodreads.com/book/show/124935969-glow-of-the-everflame,,,
book_60217777,,https://www.goodreads.com/book/show/60217777-rebel-witch,,,
book_60784546,,https://www.goodreads.com/book/show/60784546-divine-rivals,,,
book_123471760,,https://www.goodreads.com/book/show/123471760-spark-of-the-everflame,,,
book_127305713,,https://www.goodreads.com/book/show/127305713-heartless-hunter,,,
book_123257687,,https://www.goodreads.com/book/show/123257687-assistant-to-the-villain,,,
book_225910699,,https://www.goodreads.com/book/show/225910699-we-who-will-die,,,
book_205335957,,https://www.goodreads.com/book/show/205335957-the-knight-and-the-moth,,,
book_210428052,,https://www.goodreads.com/book/show/210428052-on-wings-of-blood,,,
book_210223811,,https://www.goodreads.com/book/show/210223811-katabasis,,,
book_202507554,,https://www.goodreads.com/book/show/202507554-when-the-moon-hatched,,,
book_219737525,,https://www.goodreads.com/book/show/219737525-bonds-of-hercules,,,
book_221210824,,https://www.goodreads.com/book/show/221210824-the-bond-that-burns,,,
book_203147386,,https://www.goodreads.com/book/show/203147386-apprentice-to-the-villain,,,
book_217477109,,https://www.goodreads.com/book/show/217477109-empire-of-flame-and-thorns,,,
book_216595852,,https://www.goodreads.com/book/show/216595852-blood-of-hercules,,,
book_217245572,,https://www.goodreads.com/book/show/217245572-silver-elite,,,
book_127280062,,https://www.goodreads.com/book/show/127280062-ruthless-vows,,,
book_123029113,,https://www.goodreads.com/book/show/123029113-a-witch-s-guide-to-magical-innkeeping,,,
book_219209774,,https://www.goodreads.com/book/show/219209774-accomplice-to-the-villain,,,
book_242105021,,https://www.goodreads.com/book/show/242105021-fated-to-the-wolf-maiden,,,
book_213309864,,https://www.goodreads.com/book/show/213309864-metal-slinger,,,
book_124936017,,https://www.goodreads.com/book/show/124936017-heat-of-the-everflame,,,
book_53968496,,https://www.goodreads.com/book/show/53968496-the-prison-healer,,,
book_228164259,,https://www.goodreads.com/book/show/228164259-court-of-lies-and-deceit,,,
book_60018635,,https://www.goodreads.com/book/show/60018635-the-very-secret-society-of-irregular-witches,,,
book_211742041,,https://www.goodreads.com/book/show/211742041-the-rose-bargain,,,
book_217206125,,https://www.goodreads.com/book/show/217206125-the-spellshop,,,
book_223239535,,https://www.goodreads.com/book/show/223239535-conform,,,
book_225699786,,https://www.goodreads.com/book/show/225699786-the-everlasting,,,
book_238740256,,https://www.goodreads.com/book/show/238740256-the-thorn-queen,,,
book_58410355,,https://www.goodreads.com/book/show/58410355-nightbane,,,
book_58517502,,https://www.goodreads.com/book/show/58517502-believe-me,,,
book_208430658,,https://www.goodreads.com/book/show/208430658-blood-over-bright-haven,,,
book_229003381,,https://www.goodreads.com/book/show/229003381-nightshade,,,
book_236022566,,https://www.goodreads.com/book/show/236022566-realm-of-wind-and-vines,,,
book_220161171,,https://www.goodreads.com/book/show/220161171-fearful,,,
book_222376906,,https://www.goodreads.com/book/show/222376906-wild-reverence,,,
book_216364822,,https://www.goodreads.com/book/show/216364822-watch-me,,,
book_191755077,,https://www.goodreads.com/book/show/191755077-trial-of-the-sun-queen,,,
book_221179254,,https://www.goodreads.com/book/show/221179254-rose-in-chains,,,
book_238226952,,https://www.goodreads.com/book/show/238226952-the-book-witch,,,
book_231421727,,https://www.goodreads.com/book/show/231421727-to-cage-a-wild-bird,,,
book_209741142,,https://www.goodreads.com/book/show/209741142-anathema,,,
book_222706197,,https://www.goodreads.com/book/show/222706197-alchemy-of-secrets,,,
book_231127166,,https://www.goodreads.com/book/show/231127166-the-poet-empress,,,
book_230889827,,https://www.goodreads.com/book/show/230889827-the-ascended,,,
book_50882394,,https://www.goodreads.com/book/show/50882394-the-blood-traitor,,,
book_50882354,,https://www.goodreads.com/book/show/50882354-the-gilded-cage,,,
book_210134467,,https://www.goodreads.com/book/show/210134467-the-songbird-the-heart-of-stone,,,
book_212174157,,https://www.goodreads.com/book/show/212174157-the-raven-scholar,,,
book_207003676,,https://www.goodreads.com/book/show/207003676-skyshade,,,
book_123027751,,https://www.goodreads.com/book/show/123027751-six-scorched-roses,,,
book_203578793,,https://www.goodreads.com/book/show/203578793-spectacular,,,
book_207041696,,https://www.goodreads.com/book/show/207041696-kingdom-of-claw,,,
book_123349658,,https://www.goodreads.com/book/show/123349658-rain-of-shadows-and-endings,,,
book_222279220,,https://www.goodreads.com/book/show/222279220-good-spirits,,,
book_220667263,,https://www.goodreads.com/book/show/220667263-the-shattered-king,,,
book_60657589,,https://www.goodreads.com/book/show/60657589-emily-wilde-s-encyclopaedia-of-faeries,,,
book_210277261,,https://www.goodreads.com/book/show/210277261-vale-of-dreams,,,
book_239391372,,https://www.goodreads.com/book/show/239391372-the-tempest-blade,,,
book_219866773,,https://www.goodreads.com/book/show/219866773-eldritch,,,
book_227786635,,https://www.goodreads.com/book/show/227786635-crowntide,,,
book_205044632,,https://www.goodreads.com/book/show/205044632-the-road-of-bones,,,
book_234508454,,https://www.goodreads.com/book/show/234508454-frozen-by-stardust,,,
book_208674368,,https://www.goodreads.com/book/show/208674368-avalon-tower,,,
book_60531416,,https://www.goodreads.com/book/show/60531416-yumi-and-the-nightmare-painter,,,
book_198107923,,https://www.goodreads.com/book/show/198107923-storm-of-secrets-and-sorrow,,,
book_66087062,,https://www.goodreads.com/book/show/66087062-the-unmaking-of-june-farrow,,,
book_195436605,,https://www.goodreads.com/book/show/195436605-fate-of-the-sun-king,,,
book_165940202,,https://www.goodreads.com/book/show/165940202-a-fate-inked-in-blood,,,
book_216725635,,https://www.goodreads.com/book/show/216725635-a-tongue-so-sweet-and-deadly,,,
book_239422480,,https://www.goodreads.com/book/show/239422480-the-half-hearted-queen,,,
book_231801371,,https://www.goodreads.com/book/show/231801371-the-night-we-met,,,
book_240382002,,https://www.goodreads.com/book/show/240382002-game-on,,,
book_236772706,,https://www.goodreads.com/book/show/236772706-no-matter-what,,,
book_236847870,,https://www.goodreads.com/book/show/236847870-how-to-write-a-love-story,,,
book_233892871,,https://www.goodreads.com/book/show/233892871-twisted-pawn,,,
book_235992657,,https://www.goodreads.com/book/show/235992657-almost-life,,,
book_236079780,,https://www.goodreads.com/book/show/236079780-no-place-like-you,,,
book_239669721,,https://www.goodreads.com/book/show/239669721-a-thousand-perfect-lies,,,
book_236772841,,https://www.goodreads.com/book/show/236772841-darling-daffodils-farm,,,
book_236116707,,https://www.goodreads.com/book/show/236116707-the-starter-ex,,,
book_236064350,,https://www.goodreads.com/book/show/236064350-we-re-a-bad-idea-right,,,
book_236116705,,https://www.goodreads.com/book/show/236116705-toe-to-toe,,,
book_228342203,,https://www.goodreads.com/book/show/228342203-she-drinks-the-light,,,
book_236115757,,https://www.goodreads.com/book/show/236115757-a-lady-for-all-seasons,,,
book_246220879,,https://www.goodreads.com/book/show/246220879-booked-at-midnight,,,
book_231507405,,https://www.goodreads.com/book/show/231507405-love-is-an-algorithm,,,
book_247449391,,https://www.goodreads.com/book/show/247449391-sweetbitter-song,,,
book_236304685,,https://www.goodreads.com/book/show/236304685-all-booked-up,,,
book_237693306,,https://www.goodreads.com/book/show/237693306-family-lies,,,
book_241070138,,https://www.goodreads.com/book/show/241070138-aubrey-wants-to-die,,,
book_237693307,,https://www.goodreads.com/book/show/237693307-the-celestial-seas,,,
book_236304651,,https://www.goodreads.com/book/show/236304651-the-good-fortune-of-miss-robbins,,,
book_236304640,,https://www.goodreads.com/book/show/236304640-raging-waters,,,
book_237422327,,https://www.goodreads.com/book/show/237422327-the-free-verse-society,,,
book_247144397,,https://www.goodreads.com/book/show/247144397-fighting-chance,,,
book_228355161,,https://www.goodreads.com/book/show/228355161-bitterbloom,,,
book_236304635,,https://www.goodreads.com/book/show/236304635-faithful-of-heart,,,
book_243821525,,https://www.goodreads.com/book/show/243821525-knight-s-storm,,,
book_246615747,,https://www.goodreads.com/book/show/246615747-devious-touch,,,
book_245142824,,https://www.goodreads.com/book/show/245142824-could-ve-fooled-me,,,
book_230270165,,https://www.goodreads.com/book/show/230270165-acrimonious,,,
book_250048479,,https://www.goodreads.com/book/show/250048479-a-much-maligned-miss,,,
book_247597558,,https://www.goodreads.com/book/show/247597558-the-cinderella-plot,,,
book_236079789,,https://www.goodreads.com/book/show/236079789-the-witch-without-memory,,,
book_245780913,,https://www.goodreads.com/book/show/245780913-los-diez-mandamientos-de-casey-adams,,,
book_243038211,,https://www.goodreads.com/book/show/243038211-an-honorable-love,,,
book_238142743,,https://www.goodreads.com/book/show/238142743-never-spar-with-a-viscount,,,
book_230803046,,https://www.goodreads.com/book/show/230803046-wicked-wicche,,,
book_237732235,,https://www.goodreads.com/book/show/237732235-the-scoundrel-and-the-siren,,,
book_243197739,,https://www.goodreads.com/book/show/243197739-clinching-the-play,,,
book_246388105,,https://www.goodreads.com/book/show/246388105-pas-de-deux,,,
book_238072261,,https://www.goodreads.com/book/show/238072261-shugo-chara-20th-anniversary-edition-vol-1,,,
book_245909797,,https://www.goodreads.com/book/show/245909797-the-reluctant-king,,,
book_217513554,,https://www.goodreads.com/book/show/217513554-and-now-back-to-you,,,
book_222476127,,https://www.goodreads.com/book/show/222476127-where-the-wildflowers-grow,,,
book_235991925,,https://www.goodreads.com/book/show/235991925-how-to-kill-a-guy-in-ten-dates,,,
book_231679954,,https://www.goodreads.com/book/show/231679954-the-red-winter,,,
book_238872971,,https://www.goodreads.com/book/show/238872971-one-only,,,
book_234352836,,https://www.goodreads.com/book/show/234352836-laws-of-love-and-logic,,,
book_44552156,,https://www.goodreads.com/book/show/44552156-quiet-ones,,,
book_237353718,,https://www.goodreads.com/book/show/237353718-without-a-clue,,,
book_232794580,,https://www.goodreads.com/book/show/232794580-get-over-it-april-evans,,,
book_235699965,,https://www.goodreads.com/book/show/235699965-the-book-tour,,,
book_235672421,,https://www.goodreads.com/book/show/235672421-star-shipped,,,
book_231127254,,https://www.goodreads.com/book/show/231127254-in-time-with-you,,,
book_237693304,,https://www.goodreads.com/book/show/237693304-the-bridge-back-to-you,,,
book_236772844,,https://www.goodreads.com/book/show/236772844-a-latte-like-love,,,
book_231387337,,https://www.goodreads.com/book/show/231387337-if-we-never-end,,,
book_238142761,,https://www.goodreads.com/book/show/238142761-the-fortune-flip,,,
book_59971359,,https://www.goodreads.com/book/show/59971359-prom-king,,,
book_228342291,,https://www.goodreads.com/book/show/228342291-right-as-rain,,,
book_237134719,,https://www.goodreads.com/book/show/237134719-charmed-and-dangerous,,,
book_228342261,,https://www.goodreads.com/book/show/228342261-someone-to-daydream-about,,,
book_228726050,,https://www.goodreads.com/book/show/228726050-the-perfect-match,,,
book_240767249,,https://www.goodreads.com/book/show/240767249-claire-holloway-is-winging-it,,,
book_249582279,,https://www.goodreads.com/book/show/249582279-the-royal-reveal,,,
book_233717136,,https://www.goodreads.com/book/show/233717136-racing-hearts,,,
book_235993108,,https://www.goodreads.com/book/show/235993108-love-and-other-brain-experiments,,,
book_235629883,,https://www.goodreads.com/book/show/235629883-still-into-you,,,
book_234352451,,https://www.goodreads.com/book/show/234352451-a-little-buzzed,,,
book_235629857,,https://www.goodreads.com/book/show/235629857-it-s-all-in-your-head,,,
book_233608853,,https://www.goodreads.com/book/show/233608853-and-the-crowd-went-wild,,,
book_231681681,,https://www.goodreads.com/book/show/231681681-the-ex-perimento,,,
book_235992160,,https://www.goodreads.com/book/show/235992160-only-friends,,,
book_247065031,,https://www.goodreads.com/book/show/247065031-take-me-home-to-you,,,
book_246703763,,https://www.goodreads.com/book/show/246703763-top-shelf-stud,,,
book_234943352,,https://www.goodreads.com/book/show/234943352-in-her-spotlight,,,
book_233608884,,https://www.goodreads.com/book/show/233608884-this-ain-t-our-first-rodeo,,,
book_241962729,,https://www.goodreads.com/book/show/241962729-between-the-lines,,,
book_233070116,,https://www.goodreads.com/book/show/233070116-the-heat-of-the-moment,,,
book_222028690,,https://www.goodreads.com/book/show/222028690-the-evidence-of-us,,,
book_228631555,,https://www.goodreads.com/book/show/228631555-holding-the-reins,,,
book_235301587,,https://www.goodreads.com/book/show/235301587-on-thin-ice,,,
book_240067571,,https://www.goodreads.com/book/show/240067571-sunshine-and-sins,,,
book_234041204,,https://www.goodreads.com/book/show/234041204-the-wings-that-bind,,,
book_237100539,,https://www.goodreads.com/book/show/237100539-starside,,,
book_231127235,,https://www.goodreads.com/book/show/231127235-this-kingdom-will-not-kill-me,,,
book_239432817,,https://www.goodreads.com/book/show/239432817-beneath,,,
book_236772741,,https://www.goodreads.com/book/show/236772741-innamorata,,,
book_230166043,,https://www.goodreads.com/book/show/230166043-the-faraway-inn,,,
book_221821504,,https://www.goodreads.com/book/show/221821504-the-library-of-amorlin,,,
book_235699045,,https://www.goodreads.com/book/show/235699045-her-hidden-fire,,,
book_232736952,,https://www.goodreads.com/book/show/232736952-cinder-vale,,,
book_231003006,,https://www.goodreads.com/book/show/231003006-midnight-on-the-celestial,,,
book_236115775,,https://www.goodreads.com/book/show/236115775-the-fox-and-the-devil,,,
book_224009506,,https://www.goodreads.com/book/show/224009506-mayhem-and-the-mortal,,,
book_237134863,,https://www.goodreads.com/book/show/237134863-heir-of-twisted-lies,,,
book_236116725,,https://www.goodreads.com/book/show/236116725-magic-and-mischief-at-the-wayside-hotel,,,
book_233717142,,https://www.goodreads.com/book/show/233717142-the-geomagician,,,
book_238750605,,https://www.goodreads.com/book/show/238750605-sight-unseen,,,
book_237137570,,https://www.goodreads.com/book/show/237137570-aicha,,,
book_232908735,,https://www.goodreads.com/book/show/232908735-the-last-starborn-seer,,,
book_235992805,,https://www.goodreads.com/book/show/235992805-ruinous-creatures,,,
book_237100527,,https://www.goodreads.com/book/show/237100527-this-will-be-interesting,,,
book_239399529,,https://www.goodreads.com/book/show/239399529-sing-the-night,,,
book_237693065,,https://www.goodreads.com/book/show/237693065-a-widow-s-charm,,,
book_236064337,,https://www.goodreads.com/book/show/236064337-the-dragon-and-the-sun-lotus,,,
book_208694521,,https://www.goodreads.com/book/show/208694521-entwined,,,
book_239151835,,https://www.goodreads.com/book/show/239151835-where-dreams-fall,,,
book_235992253,,https://www.goodreads.com/book/show/235992253-devious-prey,,,
book_236117113,,https://www.goodreads.com/book/show/236117113-witch-of-the-shadow-wood,,,
book_247961985,,https://www.goodreads.com/book/show/247961985-fated-rebirth,,,
book_236079808,,https://www.goodreads.com/book/show/236079808-brighter-than-nine,,,
book_234943286,,https://www.goodreads.com/book/show/234943286-the-ruins-beneath-us,,,
book_249263038,,https://www.goodreads.com/book/show/249263038-a-villain-s-hope,,,
book_250381325,,https://www.goodreads.com/book/show/250381325-stone-of-legends,,,
book_230407233,,https://www.goodreads.com/book/show/230407233-how-to-negotiate-with-a-nightmare,,,
book_228440565,,https://www.goodreads.com/book/show/228440565-bitterbloom,,,
book_236596392,,https://www.goodreads.com/book/show/236596392-one-small-echo,,,
book_209935535,,https://www.goodreads.com/book/show/209935535-my-striking-beauty,,,
book_228342414,,https://www.goodreads.com/book/show/228342414-the-beasts-we-raise,,,
book_240927411,,https://www.goodreads.com/book/show/240927411-lightguard,,,
book_247268080,,https://www.goodreads.com/book/show/247268080-soulfyre,,,
book_235817463,,https://www.goodreads.com/book/show/235817463-a-remedy-for-fate,,,
book_244667464,,https://www.goodreads.com/book/show/244667464-the-savior-s-army,,,
book_235992328,,https://www.goodreads.com/book/show/235992328-divine-descent,,,
book_239247306,,https://www.goodreads.com/book/show/239247306-the-bewitching-miss-blair,,,
book_248950372,,https://www.goodreads.com/book/show/248950372-revenge-and-ruin-the-bone-moon-trilogy-2,,,
book_234352814,,https://www.goodreads.com/book/show/234352814-agnes-aubert-s-mystical-cat-shelter,,,
book_235992888,,https://www.goodreads.com/book/show/235992888-wicked-onyx,,,
book_236012002,,https://www.goodreads.com/book/show/236012002-throne-of-nightmares,,,
book_233717187,,https://www.goodreads.com/book/show/233717187-half-city,,,
book_224009620,,https://www.goodreads.com/book/show/224009620-a-stage-set-for-villains,,,
book_232794908,,https://www.goodreads.com/book/show/232794908-dawn-of-the-north,,,
book_228342375,,https://www.goodreads.com/book/show/228342375-queen-of-faces,,,
book_222168124,,https://www.goodreads.com/book/show/222168124-the-sun-and-the-starmaker,,,
book_237134690,,https://www.goodreads.com/book/show/237134690-the-lies-that-summon-the-night,,,
book_234943536,,https://www.goodreads.com/book/show/234943536-weavingshaw,,,
book_231127029,,https://www.goodreads.com/book/show/231127029-crown-of-war-and-shadow,,,
book_235992318,,https://www.goodreads.com/book/show/235992318-the-wicked-and-the-damned,,,
book_239829548,,https://www.goodreads.com/book/show/239829548-a-secret-in-the-garden,,,
book_227912790,,https://www.goodreads.com/book/show/227912790-books-bewitchment,,,
book_230935823,,https://www.goodreads.com/book/show/230935823-web-of-vows-and-vengeance,,,
book_242996370,,https://www.goodreads.com/book/show/242996370-tortured-souls,,,
book_236064367,,https://www.goodreads.com/book/show/236064367-stolen-midnights,,,
book_232794553,,https://www.goodreads.com/book/show/232794553-sibylline,,,
book_235629795,,https://www.goodreads.com/book/show/235629795-the-trident-and-the-pearl,,,
book_231127008,,https://www.goodreads.com/book/show/231127008-heart-s-gambit,,,
book_235629751,,https://www.goodreads.com/book/show/235629751-nightshade-and-oak,,,
book_234002442,,https://www.goodreads.com/book/show/234002442-carnival-fant-stico,,,
book_221205228,,https://www.goodreads.com/book/show/221205228-apparently-sir-cameron-needs-to-die,,,
book_231127214,,https://www.goodreads.com/book/show/231127214-the-heir-the-spare,,,
book_234352468,,https://www.goodreads.com/book/show/234352468-gods-beneath-the-ice,,,
book_228342387,,https://www.goodreads.com/book/show/228342387-until-the-clock-strikes-midnight,,,
book_232794546,,https://www.goodreads.com/book/show/232794546-a-practical-guide-to-dating-a-demon,,,
book_247587942,,https://www.goodreads.com/book/show/247587942-this-safe-darkness,,,
book_235992935,,https://www.goodreads.com/book/show/235992935-the-aftermyth,,,
book_235992696,,https://www.goodreads.com/book/show/235992696-the-legend-of-the-nine-tailed-fox,,,
book_222476113,,https://www.goodreads.com/book/show/222476113-a-rose-of-blood-and-binding,,,
book_221118255,,https://www.goodreads.com/book/show/221118255-the-baby-dragon-bookshop,,,
book_231823016,,https://www.goodreads.com/book/show/231823016-flame-theory,,,
book_235992628,,https://www.goodreads.com/book/show/235992628-the-gods-must-burn,,,
book_242359514,,https://www.goodreads.com/book/show/242359514-the-light-under-the-shadow-wing,,,
book_246788314,,https://www.goodreads.com/book/show/246788314-vowed-to-the-vulture-god,,,
book_227856330,,https://www.goodreads.com/book/show/227856330-the-serpent-and-the-siren,,,
book_223395162,,https://www.goodreads.com/book/show/223395162-the-lovers,,,
book_245987048,,https://www.goodreads.com/book/show/245987048-masquerade-of-mirrors,,,
book_242411770,,https://www.goodreads.com/book/show/242411770-the-masque-of-the-silver-prince,,,
book_240244907,,https://www.goodreads.com/book/show/240244907-music-in-the-shadows,,,
book_241017905,,https://www.goodreads.com/book/show/241017905-bad-things-come-in-3s,,,
book_240665680,,https://www.goodreads.com/book/show/240665680-this-vicious-sea,,,
book_243489223,,https://www.goodreads.com/book/show/243489223-obsidian-sky,,,
book_241423814,,https://www.goodreads.com/book/show/241423814-the-last-stitch,,,
book_246533010,,https://www.goodreads.com/book/show/246533010-the-witch-s-pet,,,
book_227862644,,https://www.goodreads.com/book/show/227862644-his-in-the-fire,,,
book_246444197,,https://www.goodreads.com/book/show/246444197-almas-de-cristal,,,
book_244257591,,https://www.goodreads.com/book/show/244257591-the-spell-of-us,,,
