book_title,author,goodreads_url,reviews_count,avg_rating,shelves,date_scraped,status
Love of the Egoist (Egoist #1),Nero Seal,https://www.goodreads.com/book/show/32192152-love-of-the-egoist,,,"{""m m romance"": null, ""dark"": null, ""bdsm"": null, ""enemies to lovers"": null, ""dark romance"": null, ""abuse"": null, ""romance"": null, ""erotica"": null, ""lgbt"": null, ""gay"": null}",2026-03-21,success
Invisible Ink (Paint #3),Emma Jaye,https://www.goodreads.com/book/show/41023824-invisible-ink,67.0,4.12,"{""m m romance"": null, ""contemporary"": null, ""lgbt"": null, ""romance"": null, ""abuse"": null, ""dark"": null, ""fiction"": null, ""gay"": null, ""crime"": null, ""contemporary romance"": null}",2026-03-21,success
Cards of Love: The Devil,Ashley Jade,https://www.goodreads.com/book/show/41829009-cards-of-love,,,"{""dark romance"": null, ""dark"": null, ""romance"": null, ""m m f"": null, ""m m romance"": null, ""enemies to lovers"": null, ""menage"": null, ""contemporary"": null, ""erotica"": null, ""audiobook"": null}",2026-03-21,success
"Ravensong (Green Creek, #2)",T.J. Klune,https://www.goodreads.com/book/show/35114241-ravensong,,,"{""fantasy"": null, ""romance"": null, ""lgbt"": null, ""paranormal"": null, ""m m romance"": null, ""queer"": null, ""shapeshifters"": null, ""audiobook"": null, ""werewolves"": null, ""urban fantasy"": null}",2026-03-21,success
"Robbie (Confessions, #1)",Ella Frank,https://www.goodreads.com/book/show/37664461-robbie,1069.0,4.28,"{""m m romance"": null, ""romance"": null, ""m m m"": null, ""contemporary"": null, ""menage"": null, ""polyamory"": null, ""lgbt"": null, ""contemporary romance"": null, ""enemies to lovers"": null, ""audiobook"": null}",2026-03-21,success
"The Wolf at the Door (Big Bad Wolf, #1)",Charlie Adhara,https://www.goodreads.com/book/show/36480253-the-wolf-at-the-door,2216.0,4.16,"{""romance"": null, ""m m romance"": null, ""paranormal"": null, ""mystery"": null, ""fantasy"": null, ""shapeshifters"": null, ""lgbt"": null, ""werewolves"": null, ""urban fantasy"": null, ""audiobook"": null}",2026-03-21,success
The Glue,K. Webster,https://www.goodreads.com/book/show/40982741-the-glue,696.0,3.93,"{""m m f"": null, ""romance"": null, ""menage"": null, ""erotica"": null, ""m m romance"": null, ""contemporary romance"": null, ""audiobook"": null, ""contemporary"": null, ""lgbt"": null, ""smut"": null}",2026-03-21,success
Dane,K. Webster,https://www.goodreads.com/book/show/42205092-dane,396.0,3.99,"{""m m romance"": null, ""romance"": null, ""contemporary"": null, ""lgbt"": null, ""erotica"": null, ""gay"": null, ""adult"": null, ""erotic romance"": null, ""novella"": null, ""contemporary romance"": null}",2026-03-21,success
"Trick Roller (Seven of Spades, #2)",Cordelia Kingsbridge,https://www.goodreads.com/book/show/35501681-trick-roller,714.0,4.34,"{""m m romance"": null, ""mystery"": null, ""romance"": null, ""contemporary"": null, ""crime"": null, ""thriller"": null, ""lgbt"": null, ""suspense"": null, ""audiobook"": null, ""adult"": null}",2026-03-21,success
"Where Death Meets the Devil (Death and the Devil, #1)",L.J. Hayward,https://www.goodreads.com/book/show/37647452-where-death-meets-the-devil,811.0,4.13,"{""m m romance"": null, ""romance"": null, ""mystery"": null, ""enemies to lovers"": null, ""contemporary"": null, ""military fiction"": null, ""crime"": null, ""lgbt"": null, ""thriller"": null, ""suspense"": null}",2026-03-21,success
Love Me Whole,Nicky James,https://www.goodreads.com/book/show/37937186-love-me-whole,1322.0,4.48,"{""m m romance"": null, ""romance"": null, ""contemporary"": null, ""mental health"": null, ""disability"": null, ""lgbt"": null, ""mental illness"": null, ""friends to lovers"": null, ""slow burn"": null, ""audiobook"": null}",2026-03-21,success
"That Irresistible Poison (Calluvia's Royalty, #2)",Alessandra Hazard,https://www.goodreads.com/book/show/38110047-that-irresistible-poison,,,"{""m m romance"": null, ""enemies to lovers"": null, ""romance"": null, ""science fiction"": null, ""fantasy"": null, ""aliens"": null, ""paranormal"": null, ""lgbt"": null, ""royalty"": null, ""gay"": null}",2026-03-21,success
"Julien (Confessions, #2)",Ella Frank,https://www.goodreads.com/book/show/40378109-julien,665.0,4.33,"{""m m romance"": null, ""romance"": null, ""m m m"": null, ""contemporary"": null, ""menage"": null, ""lgbt"": null, ""polyamory"": null, ""contemporary romance"": null, ""audiobook"": null, ""erotica"": null}",2026-03-21,success
"A Wish Upon the Stars (Tales From Verania, #4)",T.J. Klune,https://www.goodreads.com/book/show/33640227-a-wish-upon-the-stars,732.0,4.63,"{""fantasy"": null, ""m m romance"": null, ""romance"": null, ""lgbt"": null, ""audiobook"": null, ""magic"": null, ""dragons"": null, ""humor"": null, ""queer"": null, ""paranormal"": null}",2026-03-21,success
"A Ferry of Bones & Gold (Soulbound, #1)",Hailey Turner,https://www.goodreads.com/book/show/41793518-a-ferry-of-bones-gold,1314.0,4.14,"{""fantasy"": null, ""urban fantasy"": null, ""m m romance"": null, ""paranormal"": null, ""romance"": null, ""magic"": null, ""shapeshifters"": null, ""vampires"": null, ""lgbt"": null, ""mystery"": null}",2026-03-21,success
"The Princess, the Prick & the Priest (Confessions, #4)",Ella Frank,https://www.goodreads.com/book/show/42754662-the-princess-the-prick-the-priest,621.0,4.36,"{""m m romance"": null, ""romance"": null, ""m m m"": null, ""contemporary"": null, ""menage"": null, ""lgbt"": null, ""polyamory"": null, ""contemporary romance"": null, ""erotica"": null, ""audiobook"": null}",2026-03-21,success
The Lovers: Cards of Love,Fiona Cole,https://www.goodreads.com/book/show/42425208-the-lovers,,,,2026-03-21,error_503
"Priest (Confessions, #3)",Ella Frank,https://www.goodreads.com/book/show/41154063-priest,,,"{""m m romance"": null, ""romance"": null, ""m m m"": null, ""contemporary"": null, ""menage"": null, ""lgbt"": null, ""polyamory"": null, ""contemporary romance"": null, ""audiobook"": null, ""erotica"": null}",2026-03-21,success
Evolved,N.R. Walker,https://www.goodreads.com/book/show/39680421-evolved,760.0,4.15,"{""m m romance"": null, ""science fiction"": null, ""romance"": null, ""audiobook"": null, ""fantasy"": null, ""lgbt"": null, ""futuristic"": null, ""science fiction romance"": null, ""gay"": null, ""queer"": null}",2026-03-21,success
Obsessed: The Complete Series,Quin,https://www.goodreads.com/book/show/43850997-obsessed,44.0,4.04,"{""m m romance"": null, ""bdsm"": null, ""romance"": null, ""lgbt"": null, ""contemporary"": null}",2026-03-21,success
Just a Bit Gay (Straight Guys #9),Alessandra Hazard,https://www.goodreads.com/book/show/37574023-just-a-bit-gay,,,"{""m m romance"": null, ""friends to lovers"": null, ""romance"": null, ""contemporary"": null, ""lgbt"": null, ""gay for you"": null, ""erotica"": null, ""contemporary romance"": null, ""gay"": null, ""queer"": null}",2026-03-21,success
Robby Riverton: Mail Order Bride,Eli Easton,https://www.goodreads.com/book/show/39711956-robby-riverton,519.0,4.04,"{""historical"": null, ""m m romance"": null, ""romance"": null, ""historical romance"": null, ""westerns"": null, ""historical fiction"": null, ""lgbt"": null, ""m m historical romance"": null, ""humor"": null, ""audiobook"": null}",2026-03-21,success
Galaxies and Oceans,N.R. Walker,https://www.goodreads.com/book/show/40627465-galaxies-and-oceans,1084.0,4.22,"{""m m romance"": null, ""romance"": null, ""contemporary"": null, ""lgbt"": null, ""audiobook"": null, ""abuse"": null, ""contemporary romance"": null, ""queer"": null, ""fiction"": null, ""friends to lovers"": null}",2026-03-21,success
"Agent Bayne (PsyCop, #9)",Jordan Castillo Price,https://www.goodreads.com/book/show/37802034-agent-bayne,294.0,4.32,"{""paranormal"": null, ""m m romance"": null, ""mystery"": null, ""romance"": null, ""ghosts"": null, ""urban fantasy"": null, ""audiobook"": null, ""fantasy"": null, ""crime"": null, ""lgbt"": null}",2026-03-21,success
"The Necromancer's Reckoning (The Beacon Hill Sorcerer, #3)",S.J. Himes,https://www.goodreads.com/book/show/35683318-the-necromancer-s-reckoning,359.0,4.49,"{""paranormal"": null, ""m m romance"": null, ""vampires"": null, ""fantasy"": null, ""magic"": null, ""urban fantasy"": null, ""romance"": null, ""dragons"": null, ""audiobook"": null, ""paranormal romance"": null}",2026-03-21,success
Acceptance of the Egoist (Egoist #1.5),Nero Seal,https://www.goodreads.com/book/show/42394378-acceptance-of-the-egoist,,,"{""m m romance"": null, ""dark"": null, ""enemies to lovers"": null, ""abuse"": null, ""lgbt"": null, ""dark romance"": null, ""bdsm"": null, ""novella"": null, ""short stories"": null, ""romance"": null}",2026-03-21,success
"The Magician Murders (The Art of Murder, #3)",Josh Lanyon,https://www.goodreads.com/book/show/36546086-the-magician-murders,385.0,4.09,"{""mystery"": null, ""m m romance"": null, ""romance"": null, ""contemporary"": null, ""crime"": null, ""lgbt"": null, ""audiobook"": null, ""suspense"": null, ""m m mystery"": null, ""fiction"": null}",2026-03-21,success
"Squared Away (Out of Uniform, #5)",Annabeth Albert,https://www.goodreads.com/book/show/37544729-squared-away,566.0,4.01,"{""m m romance"": null, ""romance"": null, ""military fiction"": null, ""contemporary"": null, ""audiobook"": null, ""lgbt"": null, ""contemporary romance"": null, ""queer"": null, ""fiction"": null, ""gay"": null}",2026-03-21,success
Murder Takes the High Road,Josh Lanyon,https://www.goodreads.com/book/show/25825973-murder-takes-the-high-road,447.0,3.89,"{""mystery"": null, ""m m romance"": null, ""romance"": null, ""contemporary"": null, ""audiobook"": null, ""lgbt"": null, ""crime"": null, ""fiction"": null, ""queer"": null, ""mystery thriller"": null}",2026-03-21,success
"Riven (Riven, #1)",Roan Parrish,https://www.goodreads.com/book/show/36135552-riven,713.0,4.01,"{""m m romance"": null, ""romance"": null, ""contemporary"": null, ""lgbt"": null, ""audiobook"": null, ""music"": null, ""contemporary romance"": null, ""musicians"": null, ""queer"": null, ""fiction"": null}",2026-03-21,success
"Trick Play (Fake Boyfriend, #2)",Eden Finley,https://www.goodreads.com/book/show/39863941-trick-play,1764.0,4.12,"{""m m romance"": null, ""romance"": null, ""sports"": null, ""sports romance"": null, ""contemporary"": null, ""lgbt"": null, ""fake dating"": null, ""audiobook"": null, ""contemporary romance"": null, ""queer"": null}",2026-03-21,success
"Balefire (Whyborne & Griffin, #10)",Jordan L. Hawk,https://www.goodreads.com/book/show/40281878-balefire,253.0,4.42,"{""fantasy"": null, ""historical"": null, ""paranormal"": null, ""m m romance"": null, ""romance"": null, ""horror"": null, ""magic"": null, ""historical fiction"": null, ""mystery"": null, ""lgbt"": null}",2026-03-21,success
His Cocky Valet (Undue Arrogance #1),Cole McCade,https://www.goodreads.com/book/show/40107125-his-cocky-valet,622.0,3.72,"{""romance"": null, ""m m romance"": null, ""contemporary"": null, ""bdsm"": null, ""lgbt"": null, ""audiobook"": null, ""contemporary romance"": null, ""queer"": null, ""gay"": null, ""erotica"": null}",2026-03-21,success
"Exhale (Flesh and Bone, #1)",Joel Abernathy,https://www.goodreads.com/book/show/39678549-exhale,645.0,4.04,"{""m m romance"": null, ""paranormal"": null, ""shapeshifters"": null, ""enemies to lovers"": null, ""fantasy"": null, ""romance"": null, ""werewolves"": null, ""omegaverse"": null, ""dark"": null, ""lgbt"": null}",2026-03-21,success
Jesse's Smile,Angelique Jurd,https://www.goodreads.com/book/show/39692883-jesse-s-smile,,,"{""m m romance"": null, ""disability"": null, ""romance"": null, ""contemporary"": null, ""lgbt"": null, ""autistic spectrum disorder"": null, ""mental health"": null, ""mental illness"": null, ""gay"": null, ""friends to lovers"": null}",2026-03-21,success
Sinfully Mine,Nicky James,https://www.goodreads.com/book/show/41442361-sinfully-mine,319.0,3.86,"{""m m romance"": null, ""romance"": null, ""contemporary"": null, ""lgbt"": null, ""erotica"": null, ""bdsm"": null, ""slow burn"": null, ""dark"": null, ""forbidden romance"": null, ""adult"": null}",2026-03-21,success
"Blackbird in the Reeds (The Rowan Harbor Cycle, #1)",Sam Burns,https://www.goodreads.com/book/show/37777178-blackbird-in-the-reeds,306.0,3.8,"{""paranormal"": null, ""fantasy"": null, ""m m romance"": null, ""romance"": null, ""shapeshifters"": null, ""audiobook"": null, ""magic"": null, ""urban fantasy"": null, ""mystery"": null, ""lgbt"": null}",2026-03-21,success
Honeymoon for One,Keira Andrews,https://www.goodreads.com/book/show/41823691-honeymoon-for-one,1170.0,4.06,"{""m m romance"": null, ""romance"": null, ""contemporary"": null, ""audiobook"": null, ""lgbt"": null, ""disability"": null, ""friends to lovers"": null, ""slow burn"": null, ""contemporary romance"": null, ""queer"": null}",2026-03-21,success
"Fresh Catch (Talbott’s Cove, #1)",Kate Canterbary,https://www.goodreads.com/book/show/35919933-fresh-catch,583.0,4.0,"{""m m romance"": null, ""romance"": null, ""contemporary"": null, ""contemporary romance"": null, ""audiobook"": null, ""lgbt"": null, ""forced proximity"": null, ""steamy"": null, ""fiction"": null, ""adult"": null}",2026-03-21,success
"Bond (Forbidden Desires, #2)",Piper Scott,https://www.goodreads.com/book/show/42760781-bond,510.0,4.26,"{""m m romance"": null, ""omegaverse"": null, ""dragons"": null, ""fantasy"": null, ""romance"": null, ""shapeshifters"": null, ""paranormal"": null, ""audiobook"": null, ""magic"": null, ""humor"": null}",2026-03-21,success
"Clutch (Forbidden Desires, #1)",Piper Scott,https://www.goodreads.com/book/show/42035847-clutch,,,"{""m m romance"": null, ""omegaverse"": null, ""paranormal"": null, ""fantasy"": null, ""dragons"": null, ""romance"": null, ""shapeshifters"": null, ""audiobook"": null, ""lgbt"": null, ""contemporary"": null}",2026-03-21,success
"Escaping Exile (Escape Trilogy, #1)",Sara Dobie Bauer,https://www.goodreads.com/book/show/40794384-escaping-exile,87.0,3.9,"{""vampires"": null, ""historical"": null, ""m m romance"": null, ""paranormal"": null, ""fantasy"": null, ""romance"": null, ""novella"": null, ""gay"": null, ""lgbt"": null, ""bisexual"": null}",2026-03-21,success
"Changed: Mated to the Alien Alpha (The Omega Colony, #1)",Robin Moray,https://www.goodreads.com/book/show/40662826-changed,401.0,4.0,"{""m m romance"": null, ""omegaverse"": null, ""aliens"": null, ""science fiction"": null, ""romance"": null, ""fantasy"": null, ""paranormal"": null, ""lgbt"": null, ""erotica"": null, ""science fiction romance"": null}",2026-03-21,success
Center of Gravity (Nook Island #1),Neve Wilder,https://www.goodreads.com/book/show/41869103-center-of-gravity,217.0,4.19,"{""m m romance"": null, ""romance"": null, ""lgbt"": null, ""contemporary"": null, ""slow burn"": null, ""queer"": null, ""grief"": null, ""m m contemporary"": null, ""fiction"": null, ""contemporary romance"": null}",2026-03-21,success
Edge of Forever,Barbara Elsborg,https://www.goodreads.com/book/show/40055953-edge-of-forever,244.0,4.19,"{""m m romance"": null, ""romance"": null, ""contemporary"": null, ""westerns"": null, ""abuse"": null, ""humor"": null, ""lgbt"": null, ""contemporary romance"": null, ""forced proximity"": null, ""enemies to lovers"": null}",2026-03-21,success
"Invitation to the Blues (Small Change, #2)",Roan Parrish,https://www.goodreads.com/book/show/38510053-invitation-to-the-blues,342.0,4.2,"{""romance"": null, ""m m romance"": null, ""contemporary"": null, ""audiobook"": null, ""lgbt"": null, ""mental health"": null, ""contemporary romance"": null, ""music"": null, ""mental illness"": null, ""queer"": null}",2026-03-21,success
Unfit to Print,K.J. Charles,https://www.goodreads.com/book/show/39330140-unfit-to-print,675.0,3.94,"{""romance"": null, ""historical"": null, ""historical fiction"": null, ""m m romance"": null, ""queer"": null, ""lgbt"": null, ""historical romance"": null, ""mystery"": null, ""novella"": null, ""fiction"": null}",2026-03-21,success
"Sin and Tonic (Sinners, #6)",Rhys Ford,https://www.goodreads.com/book/show/35491768-sin-and-tonic,188.0,4.46,"{""m m romance"": null, ""contemporary"": null, ""romance"": null, ""mystery"": null, ""audiobook"": null, ""music"": null, ""suspense"": null, ""lgbt"": null, ""crime"": null, ""musicians"": null}",2026-03-21,success
"Syncopation (Twisted Wishes, #1)",Anna Zabo,https://www.goodreads.com/book/show/37648566-syncopation,,,"{""romance"": null, ""m m romance"": null, ""bdsm"": null, ""contemporary"": null, ""lgbt"": null, ""music"": null, ""queer"": null, ""contemporary romance"": null, ""audiobook"": null, ""musicians"": null}",2026-03-21,success
Band Sinister,K.J. Charles,https://www.goodreads.com/book/show/39345944-band-sinister,1397.0,4.22,"{""romance"": null, ""historical"": null, ""historical fiction"": null, ""historical romance"": null, ""lgbt"": null, ""m m romance"": null, ""queer"": null, ""audiobook"": null, ""fiction"": null, ""regency"": null}",2026-03-21,success
"Terms of Service (The Heretic Doms Club, #2)",Marie Sexton,https://www.goodreads.com/book/show/39847286-terms-of-service,263.0,4.16,"{""bdsm"": null, ""m m romance"": null, ""contemporary"": null, ""romance"": null, ""lgbt"": null, ""erotica"": null, ""audiobook"": null, ""contemporary romance"": null, ""m m contemporary"": null, ""fiction"": null}",2026-03-21,success
"Expeditions, Estimation, and Other Dangerous Pastimes (Claimings, #4)",Lyn Gala,https://www.goodreads.com/book/show/36602760-expeditions-estimation-and-other-dangerous-pastimes,184.0,4.23,"{""science fiction"": null, ""m m romance"": null, ""aliens"": null, ""romance"": null, ""bdsm"": null, ""audiobook"": null, ""lgbt"": null, ""fantasy"": null, ""fiction"": null, ""m m science fiction"": null}",2026-03-21,success
"Bobby Green (Johnnies, #5)",Amy Lane,https://www.goodreads.com/book/show/36594567-bobby-green,112.0,4.25,"{""m m romance"": null, ""romance"": null, ""contemporary"": null, ""friends to lovers"": null, ""audiobook"": null, ""abuse"": null, ""disability"": null, ""lgbt"": null, ""family"": null, ""pornography"": null}",2026-03-21,success
"Soul to Keep (Rented Heart, #2)",Garrett Leigh,https://www.goodreads.com/book/show/36291180-soul-to-keep,223.0,4.03,"{""m m romance"": null, ""romance"": null, ""contemporary"": null, ""military fiction"": null, ""lgbt"": null, ""disability"": null, ""addiction"": null, ""contemporary romance"": null, ""queer"": null, ""british literature"": null}",2026-03-21,success
His Surrogate Omega (Omega Quadrant #1),Kelex,https://www.goodreads.com/book/show/43251078-his-surrogate-omega,,,"{""omegaverse"": null, ""m m romance"": null, ""romance"": null, ""fantasy"": null, ""paranormal"": null, ""lgbt"": null, ""emotional"": null, ""contemporary"": null, ""queer"": null, ""slow burn"": null}",2026-03-21,success
"Damaged Like Us (Like Us, #1)",Krista Ritchie,https://www.goodreads.com/book/show/21427834-damaged-like-us,3149.0,3.95,"{""romance"": null, ""m m romance"": null, ""contemporary"": null, ""new adult"": null, ""lgbt"": null, ""contemporary romance"": null, ""audiobook"": null, ""adult"": null, ""queer"": null, ""fiction"": null}",2026-03-21,success
"The Blueprint (Rules of Possession, #1)",S.E. Harmon,https://www.goodreads.com/book/show/38504190-the-blueprint,962.0,3.81,"{""m m romance"": null, ""sports"": null, ""friends to lovers"": null, ""romance"": null, ""contemporary"": null, ""sports romance"": null, ""audiobook"": null, ""lgbt"": null, ""football"": null, ""gay for you"": null}",2026-03-21,success
"Professor Adorkable (Domesticated Inc, #1)",Edie Danford,https://www.goodreads.com/book/show/41355524-professor-adorkable,107.0,3.75,"{""m m romance"": null, ""romance"": null, ""contemporary"": null, ""friends to lovers"": null, ""lgbt"": null, ""contemporary romance"": null, ""geek"": null, ""gay"": null, ""adult"": null, ""teachers"": null}",2026-03-21,success
Any Given Lifetime,Leta Blake,https://www.goodreads.com/book/show/41733251-any-given-lifetime,438.0,4.09,"{""m m romance"": null, ""paranormal"": null, ""romance"": null, ""contemporary"": null, ""second chance"": null, ""fantasy"": null, ""lgbt"": null, ""science fiction"": null, ""audiobook"": null, ""slow burn"": null}",2026-03-21,success
"Power Play (Camassia Cove, #7)",Cara Dee,https://www.goodreads.com/book/show/37844337-power-play,526.0,3.98,"{""m m romance"": null, ""bdsm"": null, ""romance"": null, ""sports"": null, ""contemporary"": null, ""friends to lovers"": null, ""hockey"": null, ""lgbt"": null, ""gay"": null, ""mental health"": null}",2026-03-21,success
A Twisted Love Story,Ace Gray,https://www.goodreads.com/book/show/35082570-a-twisted-love-story,76.0,4.44,"{""dark"": null, ""dark romance"": null, ""m m romance"": null, ""menage"": null, ""romance"": null, ""lgbt"": null}",2026-03-21,success
The Truth Within (Pelican Bay #3),Sloane Kennedy,https://www.goodreads.com/book/show/42301687-the-truth-within,,,"{""m m romance"": null, ""romance"": null, ""abuse"": null, ""contemporary"": null, ""lgbt"": null, ""audiobook"": null, ""gay"": null, ""m m contemporary"": null, ""fiction"": null, ""adult"": null}",2026-03-21,success
Gray's Shadow (Kings of Hell MC #4),K.A. Merikan,https://www.goodreads.com/book/show/41052468-gray-s-shadow,205.0,4.15,"{""m m romance"": null, ""paranormal"": null, ""romance"": null, ""fantasy"": null, ""audiobook"": null, ""dark"": null, ""lgbt"": null, ""demons"": null, ""enemies to lovers"": null, ""dark romance"": null}",2026-03-21,success
Sub Mission (Sub Mission #1),T.S. McKinney,https://www.goodreads.com/book/show/40215635-sub-mission,199.0,4.0,"{""bdsm"": null, ""m m romance"": null, ""romance"": null, ""contemporary"": null, ""erotica"": null, ""gay for you"": null, ""crime"": null, ""lgbt"": null, ""mystery"": null, ""contemporary romance"": null}",2026-03-21,success
Perfect Day (New Milton #1),Sally Malcolm,https://www.goodreads.com/book/show/39777839-perfect-day,221.0,4.03,"{""m m romance"": null, ""romance"": null, ""contemporary"": null, ""lgbt"": null, ""second chance"": null, ""contemporary romance"": null, ""fiction"": null, ""retellings"": null, ""slow burn"": null, ""queer"": null}",2026-03-21,success
Love Around the Corner (New Milton #1.5),Sally Malcolm,https://www.goodreads.com/book/show/42779749-love-around-the-corner,256.0,3.85,"{""m m romance"": null, ""romance"": null, ""contemporary"": null, ""christmas"": null, ""enemies to lovers"": null, ""holiday"": null, ""lgbt"": null, ""novella"": null, ""contemporary romance"": null, ""fiction"": null}",2026-03-21,success
Vanilla Clouds,Roe Horvat,https://www.goodreads.com/book/show/40699859-vanilla-clouds,493.0,3.9,"{""m m romance"": null, ""contemporary"": null, ""romance"": null, ""friends to lovers"": null, ""lgbt"": null, ""novella"": null, ""audiobook"": null, ""contemporary romance"": null, ""fiction"": null, ""queer"": null}",2026-03-21,success
Conflicted,Katze Snow,https://www.goodreads.com/book/show/40188407-conflicted,,,"{""dark"": null, ""m m romance"": null, ""abuse"": null, ""bdsm"": null, ""contemporary"": null, ""romance"": null, ""dark romance"": null, ""erotica"": null, ""lgbt"": null, ""horror"": null}",2026-03-21,success
"Bleed (Flesh and Bone, #2)",Joel Abernathy,https://www.goodreads.com/book/show/39987796-bleed,218.0,4.01,"{""m m romance"": null, ""paranormal"": null, ""shapeshifters"": null, ""romance"": null, ""friends to lovers"": null, ""fantasy"": null, ""werewolves"": null, ""lgbt"": null, ""abuse"": null, ""dark"": null}",2026-03-21,success
When Everything Is Blue,Laura Lascarso,https://www.goodreads.com/book/show/38358824-when-everything-is-blue,,,"{""m m romance"": null, ""friends to lovers"": null, ""young adult"": null, ""romance"": null, ""contemporary"": null, ""lgbt"": null, ""coming of age"": null, ""high school"": null, ""sports"": null, ""queer"": null}",2026-03-21,success
Over and Over Again,Cole McCade,https://www.goodreads.com/book/show/39933692-over-and-over-again,493.0,4.14,"{""m m romance"": null, ""romance"": null, ""contemporary"": null, ""slow burn"": null, ""lgbt"": null, ""friends to lovers"": null, ""contemporary romance"": null, ""audiobook"": null, ""queer"": null, ""forced proximity"": null}",2026-03-21,success
"Alpha Heat (Heat of Love, #2)",Leta Blake,https://www.goodreads.com/book/show/40103645-alpha-heat,448.0,4.16,"{""omegaverse"": null, ""m m romance"": null, ""romance"": null, ""fantasy"": null, ""paranormal"": null, ""lgbt"": null, ""audiobook"": null, ""m m m"": null, ""abuse"": null, ""polyamory"": null}",2026-03-21,success
Freedom (Incubus #5),Emma Jaye,https://www.goodreads.com/book/show/39151984-freedom,,,"{""m m romance"": null, ""paranormal"": null, ""romance"": null, ""lgbt"": null}",2026-03-21,success
"The Hockey Player's Heart (Hockey Hearts, #1)",Jeff  Adams,https://www.goodreads.com/book/show/36902263-the-hockey-player-s-heart,,,"{""sports"": null, ""m m romance"": null, ""romance"": null, ""hockey"": null, ""contemporary"": null, ""lgbt"": null, ""friends to lovers"": null, ""fiction"": null, ""sports romance"": null, ""m m sports romance"": null}",2026-03-21,success
From the Ashes,C.M. Valencourt,https://www.goodreads.com/book/show/42075809-from-the-ashes,45.0,4.01,"{""m m romance"": null, ""romance"": null, ""lgbt"": null, ""friends to lovers"": null, ""contemporary"": null, ""college"": null, ""road trip"": null, ""gay"": null, ""queer"": null, ""amazon"": null}",2026-03-21,success
A Breath of Innocence (Guns n' Boys #8),K.A. Merikan,https://www.goodreads.com/book/show/38910362-a-breath-of-innocence,92.0,4.2,"{""m m romance"": null, ""romance"": null, ""contemporary"": null, ""dark"": null, ""crime"": null, ""college"": null, ""lgbt"": null, ""dark romance"": null, ""new adult"": null, ""gay"": null}",2026-03-21,success
"On His Knees (Blasphemy, #4)",Laura Kaye,https://www.goodreads.com/book/show/36651487-on-his-knees,,,"{""bdsm"": null, ""m m romance"": null, ""romance"": null, ""contemporary"": null, ""erotica"": null, ""lgbt"": null, ""erotic romance"": null, ""contemporary romance"": null, ""novella"": null, ""fiction"": null}",2026-03-21,success
"Two Man Station (Emergency Services, #1)",Lisa Henry,https://www.goodreads.com/book/show/36296311-two-man-station,353.0,4.0,"{""m m romance"": null, ""romance"": null, ""contemporary"": null, ""lgbt"": null, ""australia"": null, ""contemporary romance"": null, ""slow burn"": null, ""queer"": null, ""abuse"": null, ""gay"": null}",2026-03-21,success
The Glasshouse (Lavender Shores #6),Rosalind Abel,https://www.goodreads.com/book/show/39701645-the-glasshouse,84.0,4.09,"{""m m romance"": null, ""audiobook"": null, ""romance"": null, ""contemporary"": null, ""lgbt"": null, ""sports"": null, ""m m contemporary"": null, ""contemporary romance"": null, ""mental health"": null, ""celebrity"": null}",2026-03-21,success
Something New (Something About Him #1),Sean Ashcroft,https://www.goodreads.com/book/show/38115162-something-new,97.0,3.78,"{""m m romance"": null, ""friends to lovers"": null, ""romance"": null, ""contemporary"": null, ""gay"": null, ""gay for you"": null, ""lgbt"": null, ""contemporary romance"": null, ""fake dating"": null, ""adult"": null}",2026-03-21,success
Between the Lines (New Milton #2),Sally Malcolm,https://www.goodreads.com/book/show/40794540-between-the-lines,139.0,3.82,"{""m m romance"": null, ""romance"": null, ""contemporary"": null, ""lgbt"": null, ""enemies to lovers"": null, ""fiction"": null, ""contemporary romance"": null, ""queer"": null, ""adult"": null, ""slow burn"": null}",2026-03-21,success
"A Little Bit like Desire (South Haven, #2)",Brooke Blaine,https://www.goodreads.com/book/show/40909527-a-little-bit-like-desire,466.0,4.22,"{""m m romance"": null, ""romance"": null, ""contemporary"": null, ""audiobook"": null, ""music"": null, ""lgbt"": null, ""contemporary romance"": null, ""musicians"": null, ""gay"": null, ""celebrity"": null}",2026-03-21,success
"Playing in the Dark (Glasgow Lads, #4)",Avery Cockburn,https://www.goodreads.com/book/show/38821471-playing-in-the-dark,92.0,4.04,"{""m m romance"": null, ""sports"": null, ""romance"": null, ""contemporary"": null, ""lgbt"": null, ""religion"": null, ""sports romance"": null, ""queer"": null, ""new adult"": null, ""contemporary romance"": null}",2026-03-21,success
"Crocus (Bonfires, #2)",Amy Lane,https://www.goodreads.com/book/show/38895620-crocus,136.0,4.38,"{""m m romance"": null, ""contemporary"": null, ""romance"": null, ""audiobook"": null, ""family"": null, ""lgbt"": null, ""childrens"": null, ""m m contemporary"": null, ""contemporary romance"": null, ""humor"": null}",2026-03-21,success
"Teddy and His Bear (Oh My!, #1)",Andi James,https://www.goodreads.com/book/show/42304256-teddy-and-his-bear,,,"{""m m romance"": null, ""bdsm"": null, ""romance"": null, ""contemporary"": null, ""lgbt"": null, ""friends to lovers"": null, ""m m contemporary"": null, ""contemporary romance"": null, ""slow burn"": null, ""gay"": null}",2026-03-21,success
"Hiding the Moon (Fish Out of Water, #4; Racing for the Sun, #2)",Amy Lane,https://www.goodreads.com/book/show/41061823-hiding-the-moon,117.0,4.09,"{""m m romance"": null, ""romance"": null, ""contemporary"": null, ""paranormal"": null, ""military fiction"": null, ""mystery"": null, ""suspense"": null, ""audiobook"": null, ""crime"": null, ""fiction"": null}",2026-03-21,success
The Dragon's Perfect Omega (Fires of Fate #5),Ann-Katrin Byrde,https://www.goodreads.com/book/show/38589262-the-dragon-s-perfect-omega,33.0,4.13,"{""m m romance"": null, ""omegaverse"": null, ""shapeshifters"": null, ""dragons"": null, ""romance"": null, ""fantasy"": null, ""lgbt"": null, ""paranormal"": null, ""paranormal romance"": null, ""m m paranormal"": null}",2026-03-21,success
Joshua's Rainbow (Rainbow Key #1),Victoria Sue,https://www.goodreads.com/book/show/37822491-joshua-s-rainbow,,,"{""m m romance"": null, ""romance"": null, ""contemporary"": null, ""lgbt"": null, ""abuse"": null, ""gay"": null, ""audiobook"": null, ""m m contemporary"": null, ""fiction"": null, ""queer"": null}",2026-03-21,success
"A Gentleman Never Keeps Score (Seducing the Sedgwicks, #2)",Cat Sebastian,https://www.goodreads.com/book/show/35564594-a-gentleman-never-keeps-score,853.0,4.05,"{""romance"": null, ""historical"": null, ""historical romance"": null, ""historical fiction"": null, ""lgbt"": null, ""m m romance"": null, ""queer"": null, ""fiction"": null, ""audiobook"": null, ""regency"": null}",2026-03-21,success
"Single White Incubus (Supernatural Selection, #1)",E.J.   Russell,https://www.goodreads.com/book/show/41729282-single-white-incubus,218.0,3.97,"{""paranormal"": null, ""m m romance"": null, ""fantasy"": null, ""romance"": null, ""shapeshifters"": null, ""audiobook"": null, ""urban fantasy"": null, ""demons"": null, ""lgbt"": null, ""contemporary"": null}",2026-03-21,success
Thank You Elvis,J.K.  Jones,https://www.goodreads.com/book/show/42120447-thank-you-elvis,,,"{""m m romance"": null, ""mystery"": null, ""dark"": null, ""romance"": null, ""lgbt"": null}",2026-03-21,success
The Enlightenment of Alexander,B.Q. Hanson,https://www.goodreads.com/book/show/40545688-the-enlightenment-of-alexander,20.0,3.33,"{""romance"": null, ""lgbt"": null, ""bdsm"": null, ""erotica"": null, ""m m romance"": null, ""love"": null, ""fiction"": null, ""hockey"": null, ""college"": null}",2026-03-21,success
"Object of Desire  (Bitter Legacy, #2)",Dal Maclean,https://www.goodreads.com/book/show/38117483-object-of-desire,226.0,4.16,"{""m m romance"": null, ""mystery"": null, ""contemporary"": null, ""romance"": null, ""audiobook"": null, ""second chance"": null, ""lgbt"": null, ""crime"": null, ""romantic suspense"": null, ""mystery thriller"": null}",2026-03-21,success
Apocalypse Alley (Blue Unicorn #2),Don Allmon,https://www.goodreads.com/book/show/37856815-apocalypse-alley,27.0,3.9,"{""fantasy"": null, ""m m romance"": null, ""science fiction"": null, ""urban fantasy"": null, ""romance"": null, ""magic"": null, ""queer"": null, ""military fiction"": null, ""crime"": null, ""lgbt"": null}",2026-03-21,success
"Two Alphas, One Omega (Men of Meadowfall, #4)",Anna Wineheart,https://www.goodreads.com/book/show/39898469-two-alphas-one-omega,62.0,4.06,"{""omegaverse"": null, ""m m romance"": null, ""m m m"": null, ""menage"": null, ""second chance"": null, ""romance"": null, ""firefighters"": null, ""paranormal"": null, ""contemporary"": null, ""threesome"": null}",2026-03-21,success
Trial (Incubus #4),Emma Jaye,https://www.goodreads.com/book/show/38204651-trial,,,"{""m m romance"": null, ""paranormal"": null, ""romance"": null, ""lgbt"": null, ""abuse"": null, ""fantasy"": null}",2026-03-21,success
Slow Shift,Nazarea Andrews,https://www.goodreads.com/book/show/42328264-slow-shift,83.0,4.01,"{""m m romance"": null, ""fantasy"": null, ""paranormal"": null, ""shapeshifters"": null, ""romance"": null, ""magic"": null, ""friends to lovers"": null, ""werewolves"": null, ""paranormal romance"": null, ""contemporary"": null}",2026-03-21,success
"Out, Proud, and Prejudiced",Megan Reddaway,https://www.goodreads.com/book/show/38737786-out-proud-and-prejudiced,66.0,3.76,"{""romance"": null, ""contemporary"": null, ""m m romance"": null, ""lgbt"": null, ""enemies to lovers"": null, ""contemporary romance"": null, ""college"": null, ""retellings"": null, ""slow burn"": null, ""jane austen"": null}",2026-03-21,success
Curl Around My Heart,Londra Laine,https://www.goodreads.com/book/show/40553540-curl-around-my-heart,54.0,3.86,"{""m m romance"": null, ""childrens"": null, ""contemporary"": null, ""contemporary romance"": null, ""gay"": null, ""cross dressing"": null, ""romance"": null, ""lgbt"": null}",2026-03-21,success
Hiroku,Laura Lascarso,https://www.goodreads.com/book/show/40123971-hiroku,71.0,4.45,"{""m m romance"": null, ""contemporary"": null, ""dark"": null, ""abuse"": null, ""lgbt"": null, ""young adult"": null, ""romance"": null, ""addiction"": null, ""musicians"": null, ""high school"": null}",2026-03-21,success
"The Silver Cage (The Silver Cage, #1)",Anonymous,https://www.goodreads.com/book/show/38193155-the-silver-cage,515.0,4.44,"{""m m romance"": null, ""romance"": null, ""dark"": null, ""lgbt"": null, ""contemporary"": null, ""mental health"": null, ""queer"": null, ""adult"": null, ""emotional"": null, ""fiction"": null}",2026-03-21,success
"Gilded Agony (Guns n' Boys, #7)",K.A. Merikan,https://www.goodreads.com/book/show/36686935-gilded-agony,108.0,4.43,"{""m m romance"": null, ""dark"": null, ""romance"": null, ""contemporary"": null, ""crime"": null, ""abuse"": null, ""suspense"": null, ""dark romance"": null, ""lgbt"": null, ""action"": null}",2026-03-21,success
Erik the Pink,Matthew J. Metzger,https://www.goodreads.com/book/show/40530951-erik-the-pink,27.0,4.03,"{""transgender"": null, ""m m romance"": null, ""lgbt"": null, ""contemporary"": null, ""romance"": null, ""queer"": null, ""childrens"": null, ""contemporary romance"": null, ""family"": null}",2026-03-21,success
The Wedding Planner's Manny (Oceanport Omegas #5),Ann-Katrin Byrde,https://www.goodreads.com/book/show/39889612-the-wedding-planner-s-manny,49.0,4.12,"{""omegaverse"": null, ""m m romance"": null, ""romance"": null, ""audiobook"": null, ""contemporary"": null, ""lgbt"": null, ""childrens"": null, ""abuse"": null, ""paranormal"": null, ""fantasy"": null}",2026-03-21,success
Love and Lint Rollers,Kaje Harper,https://www.goodreads.com/book/show/42122210-love-and-lint-rollers,64.0,3.68,"{""m m romance"": null, ""romance"": null, ""contemporary"": null, ""disability"": null, ""lgbt"": null, ""contemporary romance"": null, ""m m contemporary"": null, ""cats"": null, ""fiction"": null, ""dogs"": null}",2026-03-21,success
Tank (Ballsy Boys #2),K.M. Neuhold,https://www.goodreads.com/book/show/39978645-tank,,,"{""m m romance"": null, ""enemies to lovers"": null, ""romance"": null, ""contemporary"": null, ""lgbt"": null, ""gay"": null, ""fake dating"": null, ""erotica"": null, ""audiobook"": null, ""college"": null}",2026-03-21,success
Ben's Rainbow (Rainbow Key #3),Victoria Sue,https://www.goodreads.com/book/show/40004123-ben-s-rainbow,76.0,4.25,"{""m m romance"": null, ""romance"": null, ""contemporary"": null, ""disability"": null, ""lgbt"": null, ""m m contemporary"": null, ""second chance"": null, ""drama"": null, ""gay"": null, ""contemporary romance"": null}",2026-03-21,success
Guardian Spirits (Spirits #3),Jordan L. Hawk,https://www.goodreads.com/book/show/39941362-guardian-spirits,125.0,4.28,"{""paranormal"": null, ""historical"": null, ""m m romance"": null, ""fantasy"": null, ""romance"": null, ""ghosts"": null, ""lgbt"": null, ""mystery"": null, ""horror"": null, ""historical fiction"": null}",2026-03-21,success
Truth & Betrayal (Southern Boys #1),K.C. Wells,https://www.goodreads.com/book/show/40742519-truth-betrayal,122.0,4.14,"{""m m romance"": null, ""romance"": null, ""lgbt"": null, ""contemporary"": null, ""gay"": null, ""audiobook"": null, ""amazon"": null, ""slow burn"": null, ""contemporary romance"": null, ""queer"": null}",2026-03-21,success
Love For All Seasons,R.J. Scott,https://www.goodreads.com/book/show/39755654-love-for-all-seasons,10.0,4.13,"{""anthologies"": null, ""romance"": null, ""m m romance"": null}",2026-03-21,success
My Murderous Mind,David          Scott,https://www.goodreads.com/book/show/40034774-my-murderous-mind,5.0,4.32,"{""horror"": null, ""short stories"": null}",2026-03-21,success
The Return of Alexander,B.Q. Hanson,https://www.goodreads.com/book/show/42188391-the-return-of-alexander,2.0,4.27,"{""romance"": null, ""bdsm"": null, ""fiction"": null, ""love"": null, ""lgbt"": null}",2026-03-21,success
And The Next Thing You Know... (Why You? #2),Chase Taylor Hackett,https://www.goodreads.com/book/show/35226181-and-the-next-thing-you-know,168.0,3.86,"{""m m romance"": null, ""romance"": null, ""contemporary"": null, ""enemies to lovers"": null, ""lgbt"": null, ""humor"": null, ""contemporary romance"": null, ""slow burn"": null, ""m m contemporary"": null, ""fiction"": null}",2026-03-21,success
"Undertow (Port Lewis Witches, #2)",Brooklyn Ray,https://www.goodreads.com/book/show/38102484-undertow,63.0,3.74,"{""fantasy"": null, ""romance"": null, ""m m romance"": null, ""paranormal"": null, ""lgbt"": null, ""urban fantasy"": null, ""transgender"": null, ""magic"": null, ""witches"": null, ""gay"": null}",2026-03-21,success
"Darkling (Port Lewis Witches, #1)",Taylor B. Barton,https://www.goodreads.com/book/show/37642899-darkling,163.0,3.53,"{""fantasy"": null, ""romance"": null, ""paranormal"": null, ""lgbt"": null, ""m m romance"": null, ""queer"": null, ""urban fantasy"": null, ""transgender"": null, ""novella"": null, ""witches"": null}",2026-03-21,success
"Beau (Walkers of Coyote Ridge, #5)",Nicole Edwards,https://www.goodreads.com/book/show/41225654-beau,174.0,4.53,"{""m m romance"": null, ""romance"": null, ""erotica"": null, ""lgbt"": null, ""gay"": null, ""m m contemporary"": null, ""audiobook"": null, ""childrens"": null, ""steamy"": null, ""emotional"": null}",2026-03-21,success
The Preacher's Son,Lisa Henry,https://www.goodreads.com/book/show/37791004-the-preacher-s-son,88.0,3.5,"{""m m romance"": null, ""contemporary"": null, ""romance"": null, ""lgbt"": null, ""religion"": null, ""abuse"": null, ""second chance"": null, ""disability"": null, ""novels"": null, ""ebooks"": null}",2026-03-21,success
Undue Influence: A Persuasion Retelling,Jenny  Holiday,https://www.goodreads.com/book/show/40686361-undue-influence,98.0,3.65,"{""romance"": null, ""m m romance"": null, ""contemporary"": null, ""lgbt"": null, ""retellings"": null, ""second chance"": null, ""contemporary romance"": null, ""audiobook"": null, ""queer"": null, ""fiction"": null}",2026-03-21,success
"Dedicated (Rhythm of Love, #1)",Neve Wilder,https://www.goodreads.com/book/show/43152949-dedicated,,,"{""m m romance"": null, ""romance"": null, ""friends to lovers"": null, ""contemporary"": null, ""music"": null, ""lgbt"": null, ""musicians"": null, ""queer"": null, ""contemporary romance"": null, ""bisexual"": null}",2026-03-21,success
Green Tea and Pink Apples,R. Cooper,https://www.goodreads.com/book/show/50915207-green-tea-and-pink-apples,39.0,4.2,"{""contemporary"": null, ""romance"": null, ""m m romance"": null, ""novella"": null, ""short stories"": null, ""lgbt"": null, ""queer"": null, ""friends to lovers"": null, ""contemporary romance"": null, ""fiction"": null}",2026-03-21,success
My Lavender Boyfriend,Marina Ford,https://www.goodreads.com/book/show/39404447-my-lavender-boyfriend,20.0,4.19,"{""romance"": null, ""contemporary"": null, ""m m romance"": null, ""lgbt"": null, ""slow burn"": null}",2026-03-21,success
Less Than Three,Jess Whitecroft,https://www.goodreads.com/book/show/42263310-less-than-three,40.0,3.96,"{""m m romance"": null, ""romance"": null, ""contemporary"": null, ""lgbt"": null, ""fiction"": null, ""friends to lovers"": null, ""bisexual"": null, ""m m contemporary"": null, ""medical"": null, ""humor"": null}",2026-03-21,success
"Drawn to You (Beyond the Cove, #1)",Jaclyn Quinn,https://www.goodreads.com/book/show/42867008-drawn-to-you,205.0,4.25,"{""m m romance"": null, ""romance"": null, ""audiobook"": null, ""contemporary"": null, ""gay"": null, ""lgbt"": null, ""friends to lovers"": null, ""queer"": null, ""contemporary romance"": null, ""m m contemporary"": null}",2026-03-21,success
"A Mage's Power (The Inquisition Trilogy, #1)",Casey Wolfe,https://www.goodreads.com/book/show/40719062-a-mage-s-power,68.0,3.58,"{""fantasy"": null, ""romance"": null, ""m m romance"": null, ""lgbt"": null, ""magic"": null, ""shapeshifters"": null, ""paranormal"": null, ""gay"": null, ""audiobook"": null, ""vampires"": null}",2026-03-21,success
"The Silver Cord (The Silver Cage, #2)",Anonymous,https://www.goodreads.com/book/show/42122637-the-silver-cord,119.0,4.47,"{""m m romance"": null, ""romance"": null, ""lgbt"": null, ""coming of age"": null, ""contemporary"": null, ""adult"": null, ""friends to lovers"": null, ""queer"": null, ""emotional"": null, ""fiction"": null}",2026-03-21,success
"Coach's Challenge (Cayuga Cougars, #3)",V.L. Locey,https://www.goodreads.com/book/show/36583885-coach-s-challenge,55.0,4.25,"{""m m romance"": null, ""hockey"": null, ""sports"": null, ""sports romance"": null, ""romance"": null, ""m m sports romance"": null, ""lgbt"": null, ""contemporary romance"": null, ""hockey romance"": null, ""m m contemporary"": null}",2026-03-21,success
"Salt Magic, Skin Magic",Lee  Welch,https://www.goodreads.com/book/show/40722060-salt-magic-skin-magic,619.0,4.07,"{""fantasy"": null, ""romance"": null, ""historical"": null, ""m m romance"": null, ""magic"": null, ""paranormal"": null, ""lgbt"": null, ""historical fiction"": null, ""queer"": null, ""audiobook"": null}",2026-03-21,success
"A Quiet Man (Shifters and Partners, #19)",Hollis Shiloh,https://www.goodreads.com/book/show/40032712-a-quiet-man,13.0,3.92,"{""shapeshifters"": null, ""fantasy"": null, ""m m romance"": null, ""paranormal"": null, ""romance"": null, ""lgbt"": null, ""m m shapeshifters"": null, ""asexual"": null}",2026-03-21,success
"The Dragon Boss (Shifters of Cartwell, #1)",Anna Wineheart,https://www.goodreads.com/book/show/38489927-the-dragon-boss,121.0,3.83,"{""m m romance"": null, ""shapeshifters"": null, ""paranormal"": null, ""dragons"": null, ""fantasy"": null, ""romance"": null, ""omegaverse"": null, ""magic"": null, ""lgbt"": null, ""m m paranormal"": null}",2026-03-21,success
Poke Check (Harrisburg Railers #4),R.J. Scott,https://www.goodreads.com/book/show/38491402-poke-check,187.0,4.22,"{""m m romance"": null, ""sports"": null, ""hockey"": null, ""romance"": null, ""contemporary"": null, ""second chance"": null, ""m m sports romance"": null, ""lgbt"": null, ""sports romance"": null, ""contemporary romance"": null}",2026-03-21,success
Fair Isn't Life,Kaje Harper,https://www.goodreads.com/book/show/41420856-fair-isn-t-life,,,"{""m m romance"": null, ""contemporary"": null, ""romance"": null, ""lgbt"": null, ""new adult"": null, ""friends to lovers"": null, ""fiction"": null, ""novella"": null, ""poverty"": null, ""m m contemporary"": null}",2026-03-21,success
Once Upon a Western Shore (Tyack & Frayne #9),Harper Fox,https://www.goodreads.com/book/show/39104030-once-upon-a-western-shore,61.0,4.26,"{""paranormal"": null, ""m m romance"": null, ""mystery"": null, ""romance"": null, ""fantasy"": null, ""contemporary"": null, ""lgbt"": null, ""supernatural"": null, ""paranormal romance"": null, ""family"": null}",2026-03-21,success
Last Defense (Harrisburg Railers #5),R.J. Scott,https://www.goodreads.com/book/show/38328255-last-defense,140.0,4.09,"{""m m romance"": null, ""sports"": null, ""romance"": null, ""hockey"": null, ""contemporary"": null, ""lgbt"": null, ""m m sports romance"": null, ""sports romance"": null, ""family"": null, ""contemporary romance"": null}",2026-03-21,success
Sunshine in the Dragon's Heart,Jaime Samms,https://www.goodreads.com/book/show/42072047-sunshine-in-the-dragon-s-heart,35.0,3.84,"{""fantasy"": null, ""dragons"": null, ""paranormal"": null, ""m m romance"": null, ""shapeshifters"": null, ""romance"": null, ""paranormal romance"": null, ""lgbt"": null, ""contemporary"": null}",2026-03-21,success
"The Alcove (Lavender Shores, #7)",Rosalind Abel,https://www.goodreads.com/book/show/40241510-the-alcove,93.0,4.18,"{""m m romance"": null, ""romance"": null, ""contemporary"": null, ""audiobook"": null, ""lgbt"": null, ""m m contemporary"": null, ""mystery"": null, ""gay"": null, ""fiction"": null, ""suspense"": null}",2026-03-21,success
War Paint,Sarah     Black,https://www.goodreads.com/book/show/39930165-war-paint,33.0,3.93,"{""romance"": null, ""m m romance"": null, ""contemporary"": null, ""military fiction"": null, ""contemporary romance"": null, ""disability"": null, ""lgbt"": null, ""novella"": null, ""gay"": null}",2026-03-21,success
Overtime (Cayuga Cougars #4),V.L. Locey,https://www.goodreads.com/book/show/40239634-overtime,50.0,3.98,"{""m m romance"": null, ""sports"": null, ""hockey"": null, ""menage"": null, ""romance"": null, ""m m m"": null, ""lgbt"": null, ""m m sports romance"": null, ""polyamory"": null}",2026-03-21,success
Rocky Mountain Refuge,Nicky James,https://www.goodreads.com/book/show/39722428-rocky-mountain-refuge,234.0,4.03,"{""m m romance"": null, ""romance"": null, ""contemporary"": null, ""mental health"": null, ""disability"": null, ""lgbt"": null, ""mental illness"": null, ""contemporary romance"": null, ""slow burn"": null, ""queer"": null}",2026-03-21,success
Goal Line (Harrisburg Railers #6),R.J. Scott,https://www.goodreads.com/book/show/41083889-goal-line,149.0,4.1,"{""m m romance"": null, ""sports"": null, ""romance"": null, ""hockey"": null, ""lgbt"": null, ""abuse"": null, ""contemporary"": null, ""m m sports romance"": null, ""hockey romance"": null, ""gay"": null}",2026-03-21,success
The Burning Magus (Blue Unicorn #3),Don Allmon,https://www.goodreads.com/book/show/38619581-the-burning-magus,20.0,4.0,"{""fantasy"": null, ""science fiction"": null, ""urban fantasy"": null, ""m m romance"": null, ""magic"": null, ""romance"": null, ""queer"": null, ""paranormal"": null, ""cyberpunk"": null, ""fae"": null}",2026-03-21,success
Finding My Way Home  (Doyle Global Securities #2),Kendel Duncan,https://www.goodreads.com/book/show/40619880-finding-my-way-home,,,"{""m m romance"": null, ""crime"": null, ""m m m"": null, ""menage"": null}",2026-03-21,success
Havesskadi,Ava Kelly,https://www.goodreads.com/book/show/36684838-havesskadi,,,"{""fantasy"": null, ""dragons"": null, ""asexual"": null, ""shapeshifters"": null, ""m m romance"": null, ""queer"": null, ""magic"": null, ""lgbt"": null, ""fiction"": null, ""paranormal"": null}",2026-03-21,success
"Love's Trials (Revolutionary Heart, #2)",Janice Jarrell,https://www.goodreads.com/book/show/41818037-love-s-trials,54.0,4.46,"{""m m romance"": null, ""contemporary"": null, ""romance"": null, ""crime"": null, ""lgbt"": null, ""gay"": null, ""fiction"": null, ""contemporary romance"": null}",2026-03-21,success
The Stars May Rise and Fall,Estella Mirai,https://www.goodreads.com/book/show/42120042-the-stars-may-rise-and-fall,50.0,4.24,"{""m m romance"": null, ""lgbt"": null, ""romance"": null, ""retellings"": null, ""queer"": null, ""music"": null, ""contemporary"": null, ""new adult"": null, ""contemporary romance"": null}",2026-03-21,success
"No Brief Affair (Beyond Courtship, #1)",Ryan        Taylor,https://www.goodreads.com/book/show/43085609-no-brief-affair,,,"{""m m romance"": null, ""romance"": null, ""lgbt"": null, ""contemporary"": null, ""m m contemporary"": null}",2026-03-21,success
Deadly Skies (Kings of Eternity #2),Savannah Hartley,https://www.goodreads.com/book/show/15980374-deadly-skies,8.0,3.95,"{""m m romance"": null, ""fantasy"": null, ""romance"": null, ""dragons"": null, ""shapeshifters"": null}",2026-03-21,success
Men Writing Men Illustrated: Issue 2,Rick Longfield,https://www.goodreads.com/book/show/51998028-men-writing-men-illustrated,2.0,3.0,"{""lgbt"": null, ""nonfiction"": null, ""m m romance"": null}",2026-03-21,success
"Sapphire Scars: Volume 1 (The Sapphire Scars Trilogy, #1)",A.P. Moraez,https://www.goodreads.com/book/show/40644426-sapphire-scars,11.0,3.85,"{""m m romance"": null, ""lgbt"": null, ""romance"": null}",2026-03-21,success
"The Last Sun (The Tarot Sequence, #1)",K.D. Edwards,https://www.goodreads.com/book/show/36466732-the-last-sun,2280.0,4.16,"{""fantasy"": null, ""urban fantasy"": null, ""lgbt"": null, ""queer"": null, ""romance"": null, ""m m romance"": null, ""magic"": null, ""fiction"": null, ""mystery"": null, ""audiobook"": null}",2026-03-21,success
"A Falência, The English Edition, The Bankruptcy, Translated Brazilian literature, feminist classics, Annotated",Júlia Lopes de Almeida,https://www.goodreads.com/book/show/241660077-a-fal-ncia-the-english-edition-the-bankruptcy-translated-brazilian-li,,,,2026-03-21,book_key_not_found
Anywhen,Beth Duke,https://www.goodreads.com/book/show/220605667-anywhen,78.0,4.11,"{""historical fiction"": null}",2026-03-21,success
"Paper Cup Beginnings (The Incredibly Raw Adventures of Sven and Victor, #1)",J.D.  Chambers,https://www.goodreads.com/book/show/38485282-paper-cup-beginnings,13.0,3.74,"{""menage"": null, ""m m romance"": null, ""contemporary"": null, ""short stories"": null, ""erotica"": null, ""romance"": null, ""lgbt"": null, ""gay"": null, ""m m m"": null, ""contemporary romance"": null}",2026-03-21,success
Men Writing Men Illustrated: Issue 1,Rick Longfield,https://www.goodreads.com/book/show/51997417-men-writing-men-illustrated,0.0,4.0,{},2026-03-21,success
"Sapphire Scars: Volume 2 (The Sapphire Scars Trilogy, #2)",A.P. Moraez,https://www.goodreads.com/book/show/40646447-sapphire-scars,5.0,3.65,{},2026-03-21,success
"Alpha's Sacrifice (Irresistible Omegas, #1)",Nora Phoenix,https://www.goodreads.com/book/show/39789523-alpha-s-sacrifice,433.0,4.14,"{""omegaverse"": null, ""m m romance"": null, ""romance"": null, ""paranormal"": null, ""m m m"": null, ""polyamory"": null, ""menage"": null, ""shapeshifters"": null, ""fantasy"": null, ""audiobook"": null}",2026-03-21,success
"A Falência — Edição Anotada e Comentada Edição Exclusiva para Impressão Edição limpa, ilustrada, explicada e com notas críticas",Júlia Lopes de Almeida,https://www.goodreads.com/book/show/241785408-a-fal-ncia-edi-o-anotada-e-comentada-edi-o-exclusiva-para-impress-o,,,,2026-03-21,book_key_not_found
"Bad Moon Arising (Outcasts, #1)",C.L. Mustafic,https://www.goodreads.com/book/show/40650754-bad-moon-arising,52.0,3.67,"{""shapeshifters"": null, ""m m romance"": null, ""romance"": null, ""paranormal"": null, ""lgbt"": null, ""werewolves"": null, ""fantasy"": null}",2026-03-21,success
The Dragon's Thief,Riza Curtis,https://www.goodreads.com/book/show/40679039-the-dragon-s-thief,29.0,3.53,"{""paranormal"": null, ""dragons"": null, ""m m romance"": null, ""fantasy"": null, ""short stories"": null, ""romance"": null, ""contemporary"": null, ""shapeshifters"": null}",2026-03-21,success
"A Few Good Fish (Fish Out of Water, #3)",Amy Lane,https://www.goodreads.com/book/show/40773128-a-few-good-fish,188.0,4.33,"{""m m romance"": null, ""mystery"": null, ""romance"": null, ""audiobook"": null, ""contemporary"": null, ""suspense"": null, ""crime"": null, ""lgbt"": null, ""contemporary romance"": null, ""action"": null}",2026-03-21,success
"A Falência — Edição Anotada e Comentada Edição Exclusiva para Impressão Edição limpa, ilustrada, explicada e com notas críticas (Edição em Português do Brasil)",Júlia Lopes de Almeida,https://www.goodreads.com/book/show/241747955-a-fal-ncia-edi-o-anotada-e-comentada-edi-o-exclusiva-para-impress-o,,,,2026-03-21,book_key_not_found
"The Deafening Silence (The Yakuza Path, #4)",Amy Tasukada,https://www.goodreads.com/book/show/41893613-the-deafening-silence,16.0,4.39,"{""romance"": null, ""mystery"": null, ""lgbt"": null, ""m m romance"": null}",2026-03-21,success
"Trouble's on the Way (Outcasts, #2)",C.L. Mustafic,https://www.goodreads.com/book/show/41059724-trouble-s-on-the-way,19.0,3.5,"{""shapeshifters"": null, ""m m romance"": null, ""dark"": null}",2026-03-21,success
"Once Upon a Rainbow, Volume Two",Jennifer Cosgrove,https://www.goodreads.com/book/show/37856162-once-upon-a-rainbow-volume-two,15.0,3.59,"{""lgbt"": null, ""asexual"": null, ""transgender"": null, ""fantasy"": null}",2026-03-21,success
"In Other Words...Murder  (Holmes & Moriarity, #4)",Josh Lanyon,https://www.goodreads.com/book/show/36546081-in-other-words-murder,297.0,4.17,"{""mystery"": null, ""m m romance"": null, ""romance"": null, ""contemporary"": null, ""audiobook"": null, ""lgbt"": null, ""crime"": null, ""mystery thriller"": null, ""queer"": null, ""suspense"": null}",2026-03-21,success
The Enchanter's Flame (The Ellwood Chronicles #1),Michele Notaro,https://www.goodreads.com/book/show/41252355-the-enchanter-s-flame,335.0,4.11,"{""fantasy"": null, ""paranormal"": null, ""m m romance"": null, ""magic"": null, ""romance"": null, ""urban fantasy"": null, ""mystery"": null, ""lgbt"": null, ""paranormal romance"": null, ""audiobook"": null}",2026-03-21,success
"A Falência — Edição Anotada e Comentada Edição Exclusiva para Impressão Edição limpa, ilustrada, explicada e com notas críticas",Júlia Lopes de Almeida,https://www.goodreads.com/book/show/241787334-a-fal-ncia-edi-o-anotada-e-comentada-edi-o-exclusiva-para-impress-o,,,,2026-03-21,book_key_not_found
Blood and Eternity (Blood #3),Shira Anthony,https://www.goodreads.com/book/show/26099231-blood-and-eternity,13.0,4.2,"{""paranormal"": null, ""vampires"": null, ""m m romance"": null, ""time travel"": null, ""supernatural"": null, ""fantasy"": null, ""romance"": null}",2026-03-21,success
"Once Upon a Rainbow, Volume Three",W.M. Fawkes,https://www.goodreads.com/book/show/40649213-once-upon-a-rainbow-volume-three,10.0,4.07,"{""lgbt"": null, ""anthologies"": null, ""fantasy"": null, ""retellings"": null}",2026-03-21,success
"Be Fairy Game (Starfig Investigations, #2)",Meghan Maslow,https://www.goodreads.com/book/show/61912443-be-fairy-game,194.0,4.35,"{""fantasy"": null, ""m m romance"": null, ""magic"": null, ""dragons"": null, ""audiobook"": null, ""romance"": null, ""shapeshifters"": null, ""paranormal"": null, ""lgbt"": null, ""mystery"": null}",2026-03-21,success
A Position in Paris,Megan Reddaway,https://www.goodreads.com/book/show/40922931-a-position-in-paris,44.0,3.75,"{""historical"": null, ""romance"": null, ""lgbt"": null, ""historical fiction"": null, ""m m romance"": null, ""disability"": null, ""historical romance"": null, ""military fiction"": null, ""france"": null, ""m m historical romance"": null}",2026-03-21,success
"A Demon's Contract (How Long is Forever, #1)",Delmire Hart,https://www.goodreads.com/book/show/42390550-a-demon-s-contract,11.0,3.9,"{""fantasy"": null, ""m m romance"": null, ""demons"": null, ""romance"": null, ""paranormal"": null, ""high fantasy"": null, ""lgbt"": null, ""magic"": null}",2026-03-21,success
His Forever Omega (The Mountain Shifters #13),L.C.  Davis,https://www.goodreads.com/book/show/41379678-his-forever-omega,43.0,4.34,"{""shapeshifters"": null, ""paranormal"": null, ""m m romance"": null, ""romance"": null, ""omegaverse"": null, ""m m shapeshifters"": null, ""lgbt"": null, ""fantasy"": null, ""supernatural"": null}",2026-03-21,success
"His Reclassified Omega (The Mountain Shifters, #12)",L.C.  Davis,https://www.goodreads.com/book/show/39461438-his-reclassified-omega,40.0,4.26,"{""m m romance"": null, ""shapeshifters"": null, ""romance"": null, ""paranormal"": null, ""fantasy"": null, ""omegaverse"": null, ""m m paranormal"": null, ""contemporary"": null, ""lgbt"": null, ""adult"": null}",2026-03-21,success
Making Magic (The FuBar #2),Jess Whitecroft,https://www.goodreads.com/book/show/40245456-making-magic,22.0,4.2,"{""romance"": null, ""contemporary"": null, ""m m romance"": null, ""fiction"": null, ""bisexual"": null, ""drag"": null, ""queer"": null, ""lgbt"": null, ""dark"": null, ""friends to lovers"": null}",2026-03-21,success
Cyborg (Project Zed #7),Kelex,https://www.goodreads.com/book/show/39931786-cyborg,9.0,4.32,"{""m m romance"": null}",2026-03-21,success
"Predator (Project Zed, #6)",Kelex,https://www.goodreads.com/book/show/38236178-predator,5.0,4.21,"{""m m romance"": null, ""shapeshifters"": null, ""paranormal"": null, ""gay"": null}",2026-03-21,success
Oskar Blows A Gasket,Claire  Davis,https://www.goodreads.com/book/show/38885902-oskar-blows-a-gasket,,,"{""m m romance"": null, ""college"": null, ""new adult"": null, ""young adult"": null, ""romance"": null, ""contemporary"": null, ""lgbt"": null, ""queer"": null}",2026-03-21,success
American Road Trip,Sarah     Black,https://www.goodreads.com/book/show/38493232-american-road-trip,32.0,3.92,"{""romance"": null, ""contemporary"": null, ""m m romance"": null, ""lgbt"": null, ""gay"": null, ""military fiction"": null, ""queer"": null, ""short stories"": null, ""family"": null, ""second chance"": null}",2026-03-21,success
"Contour (Shape of You, #1)",Meg Harding,https://www.goodreads.com/book/show/37905205-contour,,,"{""m m romance"": null, ""contemporary"": null, ""romance"": null, ""lgbt"": null, ""new adult"": null, ""celebrity"": null, ""m m contemporary"": null, ""queer"": null, ""gay"": null, ""genderqueer"": null}",2026-03-21,success
The Alpha's Forbidden Omega (SOS #1),Rebecca       James,https://www.goodreads.com/book/show/43074373-the-alpha-s-forbidden-omega,42.0,3.89,"{""omegaverse"": null, ""m m romance"": null, ""romance"": null, ""lgbt"": null, ""paranormal"": null, ""fantasy"": null, ""gay"": null, ""forbidden love"": null}",2026-03-21,success
"Masc (Femme, #2)",Marshall Thornton,https://www.goodreads.com/book/show/39717722-masc,76.0,4.21,"{""m m romance"": null, ""contemporary"": null, ""lgbt"": null, ""romance"": null, ""humor"": null, ""sports"": null, ""fiction"": null, ""gay"": null, ""queer"": null, ""cross dressing"": null}",2026-03-21,success
The Colors Between Us (Lonely Hearts #2),Kate Hawthorne,https://www.goodreads.com/book/show/39789735-the-colors-between-us,,,"{""m m romance"": null, ""romance"": null, ""contemporary"": null, ""mental health"": null, ""lgbt"": null, ""ebooks"": null, ""gay"": null, ""mental illness"": null, ""novels"": null}",2026-03-21,success
The Henchmen of Zenda,K.J. Charles,https://www.goodreads.com/book/show/39326122-the-henchmen-of-zenda,551.0,3.86,"{""romance"": null, ""historical"": null, ""historical fiction"": null, ""m m romance"": null, ""queer"": null, ""lgbt"": null, ""audiobook"": null, ""fiction"": null, ""historical romance"": null, ""adventure"": null}",2026-03-21,success
"Owl's Slumber (Trials of Fear, #1)",Nicky James,https://www.goodreads.com/book/show/40208212-owl-s-slumber,,,"{""m m romance"": null, ""romance"": null, ""contemporary"": null, ""disability"": null, ""mental health"": null, ""lgbt"": null, ""mental illness"": null, ""audiobook"": null, ""contemporary romance"": null, ""fiction"": null}",2026-03-21,success
"A Little Side of Geek (Geek Life, #1)",Marguerite Labbe,https://www.goodreads.com/book/show/39930144-a-little-side-of-geek,48.0,3.84,"{""m m romance"": null, ""contemporary"": null, ""romance"": null, ""gay"": null, ""lgbt"": null, ""family"": null, ""fiction"": null, ""m m contemporary"": null}",2026-03-21,success
"Swords of the King (Battle Scars, #3)",Charlene Newcomb,https://www.goodreads.com/book/show/39874329-swords-of-the-king,11.0,4.4,"{""historical fiction"": null, ""historical"": null, ""fiction"": null, ""lgbt"": null, ""gay fiction"": null, ""m m romance"": null}",2026-03-21,success
"Behind These Doors (Radical Proposals, #1)",Jude Lucens,https://www.goodreads.com/book/show/40190173-behind-these-doors,182.0,4.12,"{""romance"": null, ""historical"": null, ""historical fiction"": null, ""historical romance"": null, ""queer"": null, ""m m romance"": null, ""lgbt"": null, ""polyamory"": null, ""fiction"": null, ""adult"": null}",2026-03-21,success
Married Ones,Matthew J. Metzger,https://www.goodreads.com/book/show/40775600-married-ones,24.0,4.0,"{""m m romance"": null, ""transgender"": null, ""romance"": null, ""contemporary"": null, ""lgbt"": null, ""teachers"": null, ""humor"": null}",2026-03-21,success
